run_id,window_mode,step1_pvalue_mode,trading_date,version,candidate,window_start_kst,window_end_kst,bars_paired,missing_frac_paired,step1_pass,step1_reason,b,adf_stat,adf_p,kss_stat,kss_p,gate_class,half_life_min,decision,no_trade_reason
20261003T044948Z-30b299,blocks,bootstrap,2026-09-15,V1,ols,2026-09-14 08:00:00+09:00,2026-09-15 08:00:00+09:00,0,1.0,False,,,,,,,,,NO_TRADE,DATA_BAD
20261003T044948Z-30b299,blocks,bootstrap,2026-09-15,V1,tls,2026-09-14 08:00:00+09:00,2026-09-15 08:00:00+09:00,0,1.0,False,,,,,,,,,NO_TRADE,DATA_BAD
20261003T044948Z-30b299,blocks,bootstrap,2026-09-15,V1,dols,2026-09-14 08:00:00+09:00,2026-09-15 08:00:00+09:00,0,1.0,False,,,,,,,,,NO_TRADE,DATA_BAD
20261003T044948Z-30b299,blocks,bootstrap,2026-09-15,V1,struct,2026-09-14 08:00:00+09:00,2026-09-15 08:00:00+09:00,0,1.0,False,,,,,,,,,NO_TRADE,DATA_BAD
20261003T044948Z-30b299,blocks,bootstrap,2026-09-15,V2,ols,2026-09-14 08:00:00+09:00,2026-09-15 08:00:00+09:00,0,1.0,False,,,,,,,,,NO_TRADE,DATA_BAD
20261003T044948Z-30b299,blocks,bootstrap,2026-09-15,V2,tls,2026-09-14 08:00:00+09:00,2026-09-15 08:00:00+09:00,0,1.0,False,,,,,,,,,NO_TRADE,DATA_BAD
20261003T044948Z-30b299,blocks,bootstrap,2026-09-15,V2,dols,2026-09-14 08:00:00+09:00,2026-09-15 08:00:00+09:00,0,1.0,False,,,,,,,,,NO_TRADE,DATA_BAD
20261003T044948Z-30b299,blocks,bootstrap,2026-09-15,V2,struct,2026-09-14 08:00:00+09:00,2026-09-15 08:00:00+09:00,0,1.0,False,,,,,,,,,NO_TRADE,DATA_BAD
20261003T044948Z-30b299,blocks,bootstrap,2026-09-16,V1,ols,2026-09-15 08:00:00+09:00,2026-09-16 08:00:00+09:00,0,1.0,False,,,,,,,,,NO_TRADE,DATA_BAD
20261003T044948Z-30b299,blocks,bootstrap,2026-09-16,V1,tls,2026-09-15 08:00:00+09:00,2026-09-16 08:00:00+09:00,0,1.0,False,,,,,,,,,NO_TRADE,DATA_BAD
20261003T044948Z-30b299,blocks,bootstrap,2026-09-16,V1,dols,2026-09-15 08:00:00+09:00,2026-09-16 08:00:00+09:00,0,1.0,False,,,,,,,,,NO_TRADE,DATA_BAD
20261003T044948Z-30b299,blocks,bootstrap,2026-09-16,V1,struct,2026-09-15 08:00:00+09:00,2026-09-16 08:00:00+09:00,0,1.0,False,,,,,,,,,NO_TRADE,DATA_BAD
20261003T044948Z-30b299,blocks,bootstrap,2026-09-16,V2,ols,2026-09-14 08:00:00+09:00,2026-09-16 08:00:00+09:00,0,1.0,False,,,,,,,,,NO_TRADE,DATA_BAD
20261003T044948Z-30b299,blocks,bootstrap,2026-09-16,V2,tls,2026-09-14 08:00:00+09:00,2026-09-16 08:00:00+09:00,0,1.0,False,,,,,,,,,NO_TRADE,DATA_BAD
20261003T044948Z-30b299,blocks,bootstrap,2026-09-16,V2,dols,2026-09-14 08:00:00+09:00,2026-09-16 08:00:00+09:00,0,1.0,False,,,,,,,,,NO_TRADE,DATA_BAD
20261003T044948Z-30b299,blocks,bootstrap,2026-09-16,V2,struct,2026-09-14 08:00:00+09:00,2026-09-16 08:00:00+09:00,0,1.0,False,,,,,,,,,NO_TRADE,DATA_BAD
20261003T044948Z-30b299,blocks,bootstrap,2026-09-17,V1,ols,2026-09-16 08:00:00+09:00,2026-09-17 08:00:00+09:00,0,1.0,False,,,,,,,,,NO_TRADE,DATA_BAD
20261003T044948Z-30b299,blocks,bootstrap,2026-09-17,V1,tls,2026-09-16 08:00:00+09:00,2026-09-17 08:00:00+09:00,0,1.0,False,,,,,,,,,NO_TRADE,DATA_BAD
20261003T044948Z-30b299,blocks,bootstrap,2026-09-17,V1,dols,2026-09-16 08:00:00+09:00,2026-09-17 08:00:00+09:00,0,1.0,False,,,,,,,,,NO_TRADE,DATA_BAD
20261003T044948Z-30b299,blocks,bootstrap,2026-09-17,V1,struct,2026-09-16 08:00:00+09:00,2026-09-17 08:00:00+09:00,0,1.0,False,,,,,,,,,NO_TRADE,DATA_BAD
20261003T044948Z-30b299,blocks,bootstrap,2026-09-17,V2,ols,2026-09-15 08:00:00+09:00,2026-09-17 08:00:00+09:00,0,1.0,False,,,,,,,,,NO_TRADE,DATA_BAD
20261003T044948Z-30b299,blocks,bootstrap,2026-09-17,V2,tls,2026-09-15 08:00:00+09:00,2026-09-17 08:00:00+09:00,0,1.0,False,,,,,,,,,NO_TRADE,DATA_BAD
20261003T044948Z-30b299,blocks,bootstrap,2026-09-17,V2,dols,2026-09-15 08:00:00+09:00,2026-09-17 08:00:00+09:00,0,1.0,False,,,,,,,,,NO_TRADE,DATA_BAD
20261003T044948Z-30b299,blocks,bootstrap,2026-09-17,V2,struct,2026-09-15 08:00:00+09:00,2026-09-17 08:00:00+09:00,0,1.0,False,,,,,,,,,NO_TRADE,DATA_BAD
20261003T044948Z-30b299,blocks,bootstrap,2026-09-18,V1,ols,2026-09-17 08:00:00+09:00,2026-09-18 08:00:00+09:00,0,1.0,False,,,,,,,,,NO_TRADE,DATA_BAD
20261003T044948Z-30b299,blocks,bootstrap,2026-09-18,V1,tls,2026-09-17 08:00:00+09:00,2026-09-18 08:00:00+09:00,0,1.0,False,,,,,,,,,NO_TRADE,DATA_BAD
20261003T044948Z-30b299,blocks,bootstrap,2026-09-18,V1,dols,2026-09-17 08:00:00+09:00,2026-09-18 08:00:00+09:00,0,1.0,False,,,,,,,,,NO_TRADE,DATA_BAD
20261003T044948Z-30b299,blocks,bootstrap,2026-09-18,V1,struct,2026-09-17 08:00:00+09:00,2026-09-18 08:00:00+09:00,0,1.0,False,,,,,,,,,NO_TRADE,DATA_BAD
20261003T044948Z-30b299,blocks,bootstrap,2026-09-18,V2,ols,2026-09-16 08:00:00+09:00,2026-09-18 08:00:00+09:00,0,1.0,False,,,,,,,,,NO_TRADE,DATA_BAD
20261003T044948Z-30b299,blocks,bootstrap,2026-09-18,V2,tls,2026-09-16 08:00:00+09:00,2026-09-18 08:00:00+09:00,0,1.0,False,,,,,,,,,NO_TRADE,DATA_BAD
20261003T044948Z-30b299,blocks,bootstrap,2026-09-18,V2,dols,2026-09-16 08:00:00+09:00,2026-09-18 08:00:00+09:00,0,1.0,False,,,,,,,,,NO_TRADE,DATA_BAD
20261003T044948Z-30b299,blocks,bootstrap,2026-09-18,V2,struct,2026-09-16 08:00:00+09:00,2026-09-18 08:00:00+09:00,0,1.0,False,,,,,,,,,NO_TRADE,DATA_BAD
20261003T044948Z-30b299,blocks,bootstrap,2026-09-19,V1,ols,2026-09-18 08:00:00+09:00,2026-09-19 09:00:00+09:00,336,0.776,False,L:fail_b;A:fail_b,1.3873833874321129,-1.5179618490166098,0.65,-0.43369564100632463,0.92,NONE,28.072690937598807,NO_TRADE,STEP1_UNDETERMINED
20261003T044948Z-30b299,blocks,bootstrap,2026-09-19,V1,tls,2026-09-18 08:00:00+09:00,2026-09-19 09:00:00+09:00,336,0.776,False,L:fail_b;A:fail_b,1.4980324308031772,-1.3584619516956196,0.835,-0.5833876598120069,0.945,NONE,21.480411516452392,NO_TRADE,STEP1_UNDETERMINED
20261003T044948Z-30b299,blocks,bootstrap,2026-09-19,V1,dols,2026-09-18 08:00:00+09:00,2026-09-19 09:00:00+09:00,336,0.776,False,L:fail_b;A:fail_b,1.4158625792235222,-1.5821275837085036,0.63,-0.4480277040251587,0.915,NONE,26.055448067005294,NO_TRADE,STEP1_UNDETERMINED
20261003T044948Z-30b299,blocks,bootstrap,2026-09-19,V1,struct,2026-09-18 08:00:00+09:00,2026-09-19 09:00:00+09:00,336,0.776,False,L:fail_b;A:fail_b,1.0,-1.4708879642027055,0.42,-1.0237179666374112,0.76,NONE,47.5065047915282,NO_TRADE,STEP1_UNDETERMINED
20261003T044948Z-30b299,blocks,bootstrap,2026-09-19,V2,ols,2026-09-17 08:00:00+09:00,2026-09-19 09:00:00+09:00,336,0.8857142857142857,False,L:fail_b;A:fail_b,1.3873833874321129,-1.5179618490166098,0.65,-0.43369564100632463,0.92,NONE,28.072690937598807,NO_TRADE,STEP1_UNDETERMINED
20261003T044948Z-30b299,blocks,bootstrap,2026-09-19,V2,tls,2026-09-17 08:00:00+09:00,2026-09-19 09:00:00+09:00,336,0.8857142857142857,False,L:fail_b;A:fail_b,1.4980324308031772,-1.3584619516956196,0.835,-0.5833876598120069,0.945,NONE,21.480411516452392,NO_TRADE,STEP1_UNDETERMINED
20261003T044948Z-30b299,blocks,bootstrap,2026-09-19,V2,dols,2026-09-17 08:00:00+09:00,2026-09-19 09:00:00+09:00,336,0.8857142857142857,False,L:fail_b;A:fail_b,1.4158625792235222,-1.5821275837085036,0.63,-0.4480277040251587,0.915,NONE,26.055448067005294,NO_TRADE,STEP1_UNDETERMINED
20261003T044948Z-30b299,blocks,bootstrap,2026-09-19,V2,struct,2026-09-17 08:00:00+09:00,2026-09-19 09:00:00+09:00,336,0.8857142857142857,False,L:fail_b;A:fail_b,1.0,-1.4708879642027055,0.42,-1.0237179666374112,0.76,NONE,47.5065047915282,NO_TRADE,STEP1_UNDETERMINED
20261003T044948Z-30b299,blocks,bootstrap,2026-09-20,V1,ols,2026-09-18 08:00:00+09:00,2026-09-19 09:00:00+09:00,336,0.776,False,L:fail_b;A:fail_b,1.3873833874321129,-1.5179618490166098,0.65,-0.43369564100632463,0.92,NONE,28.072690937598807,NO_TRADE,STEP1_UNDETERMINED
20261003T044948Z-30b299,blocks,bootstrap,2026-09-20,V1,tls,2026-09-18 08:00:00+09:00,2026-09-19 09:00:00+09:00,336,0.776,False,L:fail_b;A:fail_b,1.4980324308031772,-1.3584619516956196,0.835,-0.5833876598120069,0.945,NONE,21.480411516452392,NO_TRADE,STEP1_UNDETERMINED
20261003T044948Z-30b299,blocks,bootstrap,2026-09-20,V1,dols,2026-09-18 08:00:00+09:00,2026-09-19 09:00:00+09:00,336,0.776,False,L:fail_b;A:fail_b,1.4158625792235222,-1.5821275837085036,0.63,-0.4480277040251587,0.915,NONE,26.055448067005294,NO_TRADE,STEP1_UNDETERMINED
20261003T044948Z-30b299,blocks,bootstrap,2026-09-20,V1,struct,2026-09-18 08:00:00+09:00,2026-09-19 09:00:00+09:00,336,0.776,False,L:fail_b;A:fail_b,1.0,-1.4708879642027055,0.42,-1.0237179666374112,0.76,NONE,47.5065047915282,NO_TRADE,STEP1_UNDETERMINED
20261003T044948Z-30b299,blocks,bootstrap,2026-09-20,V2,ols,2026-09-17 08:00:00+09:00,2026-09-19 09:00:00+09:00,336,0.8857142857142857,False,L:fail_b;A:fail_b,1.3873833874321129,-1.5179618490166098,0.65,-0.43369564100632463,0.92,NONE,28.072690937598807,NO_TRADE,STEP1_UNDETERMINED
20261003T044948Z-30b299,blocks,bootstrap,2026-09-20,V2,tls,2026-09-17 08:00:00+09:00,2026-09-19 09:00:00+09:00,336,0.8857142857142857,False,L:fail_b;A:fail_b,1.4980324308031772,-1.3584619516956196,0.835,-0.5833876598120069,0.945,NONE,21.480411516452392,NO_TRADE,STEP1_UNDETERMINED
20261003T044948Z-30b299,blocks,bootstrap,2026-09-20,V2,dols,2026-09-17 08:00:00+09:00,2026-09-19 09:00:00+09:00,336,0.8857142857142857,False,L:fail_b;A:fail_b,1.4158625792235222,-1.5821275837085036,0.63,-0.4480277040251587,0.915,NONE,26.055448067005294,NO_TRADE,STEP1_UNDETERMINED
20261003T044948Z-30b299,blocks,bootstrap,2026-09-20,V2,struct,2026-09-17 08:00:00+09:00,2026-09-19 09:00:00+09:00,336,0.8857142857142857,False,L:fail_b;A:fail_b,1.0,-1.4708879642027055,0.42,-1.0237179666374112,0.76,NONE,47.5065047915282,NO_TRADE,STEP1_UNDETERMINED
20261003T044948Z-30b299,blocks,bootstrap,2026-09-21,V1,ols,2026-09-18 08:00:00+09:00,2026-09-19 09:00:00+09:00,336,0.776,False,L:fail_b;A:fail_b,1.3873833874321129,-1.5179618490166098,0.65,-0.43369564100632463,0.92,NONE,28.072690937598807,NO_TRADE,STEP1_UNDETERMINED
20261003T044948Z-30b299,blocks,bootstrap,2026-09-21,V1,tls,2026-09-18 08:00:00+09:00,2026-09-19 09:00:00+09:00,336,0.776,False,L:fail_b;A:fail_b,1.4980324308031772,-1.3584619516956196,0.835,-0.5833876598120069,0.945,NONE,21.480411516452392,NO_TRADE,STEP1_UNDETERMINED
20261003T044948Z-30b299,blocks,bootstrap,2026-09-21,V1,dols,2026-09-18 08:00:00+09:00,2026-09-19 09:00:00+09:00,336,0.776,False,L:fail_b;A:fail_b,1.4158625792235222,-1.5821275837085036,0.63,-0.4480277040251587,0.915,NONE,26.055448067005294,NO_TRADE,STEP1_UNDETERMINED
20261003T044948Z-30b299,blocks,bootstrap,2026-09-21,V1,struct,2026-09-18 08:00:00+09:00,2026-09-19 09:00:00+09:00,336,0.776,False,L:fail_b;A:fail_b,1.0,-1.4708879642027055,0.42,-1.0237179666374112,0.76,NONE,47.5065047915282,NO_TRADE,STEP1_UNDETERMINED
20261003T044948Z-30b299,blocks,bootstrap,2026-09-21,V2,ols,2026-09-17 08:00:00+09:00,2026-09-19 09:00:00+09:00,336,0.8857142857142857,False,L:fail_b;A:fail_b,1.3873833874321129,-1.5179618490166098,0.65,-0.43369564100632463,0.92,NONE,28.072690937598807,NO_TRADE,STEP1_UNDETERMINED
20261003T044948Z-30b299,blocks,bootstrap,2026-09-21,V2,tls,2026-09-17 08:00:00+09:00,2026-09-19 09:00:00+09:00,336,0.8857142857142857,False,L:fail_b;A:fail_b,1.4980324308031772,-1.3584619516956196,0.835,-0.5833876598120069,0.945,NONE,21.480411516452392,NO_TRADE,STEP1_UNDETERMINED
20261003T044948Z-30b299,blocks,bootstrap,2026-09-21,V2,dols,2026-09-17 08:00:00+09:00,2026-09-19 09:00:00+09:00,336,0.8857142857142857,False,L:fail_b;A:fail_b,1.4158625792235222,-1.5821275837085036,0.63,-0.4480277040251587,0.915,NONE,26.055448067005294,NO_TRADE,STEP1_UNDETERMINED
20261003T044948Z-30b299,blocks,bootstrap,2026-09-21,V2,struct,2026-09-17 08:00:00+09:00,2026-09-19 09:00:00+09:00,336,0.8857142857142857,False,L:fail_b;A:fail_b,1.0,-1.4708879642027055,0.42,-1.0237179666374112,0.76,NONE,47.5065047915282,NO_TRADE,STEP1_UNDETERMINED
20261003T044948Z-30b299,blocks,bootstrap,2026-09-22,V1,ols,2026-09-21 08:00:00+09:00,2026-09-22 08:00:00+09:00,17,0.9881944444444445,False,,,,,,,,,NO_TRADE,DATA_BAD
20261003T044948Z-30b299,blocks,bootstrap,2026-09-22,V1,tls,2026-09-21 08:00:00+09:00,2026-09-22 08:00:00+09:00,17,0.9881944444444445,False,,,,,,,,,NO_TRADE,DATA_BAD
20261003T044948Z-30b299,blocks,bootstrap,2026-09-22,V1,dols,2026-09-21 08:00:00+09:00,2026-09-22 08:00:00+09:00,17,0.9881944444444445,False,,,,,,,,,NO_TRADE,DATA_BAD
20261003T044948Z-30b299,blocks,bootstrap,2026-09-22,V1,struct,2026-09-21 08:00:00+09:00,2026-09-22 08:00:00+09:00,17,0.9881944444444445,False,,,,,,,,,NO_TRADE,DATA_BAD
20261003T044948Z-30b299,blocks,bootstrap,2026-09-22,V2,ols,2026-09-21 08:00:00+09:00,2026-09-22 08:00:00+09:00,17,0.9881944444444445,False,,,,,,,,,NO_TRADE,DATA_BAD
20261003T044948Z-30b299,blocks,bootstrap,2026-09-22,V2,tls,2026-09-21 08:00:00+09:00,2026-09-22 08:00:00+09:00,17,0.9881944444444445,False,,,,,,,,,NO_TRADE,DATA_BAD
20261003T044948Z-30b299,blocks,bootstrap,2026-09-22,V2,dols,2026-09-21 08:00:00+09:00,2026-09-22 08:00:00+09:00,17,0.9881944444444445,False,,,,,,,,,NO_TRADE,DATA_BAD
20261003T044948Z-30b299,blocks,bootstrap,2026-09-22,V2,struct,2026-09-21 08:00:00+09:00,2026-09-22 08:00:00+09:00,17,0.9881944444444445,False,,,,,,,,,NO_TRADE,DATA_BAD
20261003T044948Z-30b299,blocks,bootstrap,2026-09-23,V1,ols,2026-09-22 08:00:00+09:00,2026-09-23 08:00:00+09:00,845,0.4131944444444444,False,L:fail_b;A:fail_b,0.9947492443312376,-1.6907052636860322,0.695,-2.2263038624705707,0.485,NONE,98.29275276761847,NO_TRADE,STEP1_UNDETERMINED
20261003T044948Z-30b299,blocks,bootstrap,2026-09-23,V1,tls,2026-09-22 08:00:00+09:00,2026-09-23 08:00:00+09:00,845,0.4131944444444444,False,L:fail_b;A:fail_b,1.0380206422967955,-2.032946326940533,0.6,-2.2217075333390324,0.515,NONE,85.66719679243958,NO_TRADE,STEP1_UNDETERMINED
20261003T044948Z-30b299,blocks,bootstrap,2026-09-23,V1,dols,2026-09-22 08:00:00+09:00,2026-09-23 08:00:00+09:00,845,0.4131944444444444,False,L:fail_b;A:fail_b,1.0028288081367103,-1.7557834251067872,0.67,-2.229007215746021,0.485,NONE,95.45022050395241,NO_TRADE,STEP1_UNDETERMINED
20261003T044948Z-30b299,blocks,bootstrap,2026-09-23,V1,struct,2026-09-22 08:00:00+09:00,2026-09-23 08:00:00+09:00,845,0.4131944444444444,False,L:fail_b;A:fail_b,1.0,-1.7330013271290636,0.29,-2.228252951034259,0.29,NONE,96.41745603344344,NO_TRADE,STEP1_UNDETERMINED
20261003T044948Z-30b299,blocks,bootstrap,2026-09-23,V2,ols,2026-09-21 08:00:00+09:00,2026-09-23 08:00:00+09:00,862,0.7006944444444445,False,L:fail_b;A:fail_b,0.9868262816502145,-1.8452817390261753,0.61,-2.6132369703999205,0.5,NONE,43.272974456878835,NO_TRADE,STEP1_UNDETERMINED
20261003T044948Z-30b299,blocks,bootstrap,2026-09-23,V2,tls,2026-09-21 08:00:00+09:00,2026-09-23 08:00:00+09:00,862,0.7006944444444445,False,L:fail_b;A:fail_b,1.03379722455163,-2.1051405235177456,0.5,-2.293293667216822,0.615,NONE,37.689577242793554,NO_TRADE,STEP1_UNDETERMINED
20261003T044948Z-30b299,blocks,bootstrap,2026-09-23,V2,dols,2026-09-21 08:00:00+09:00,2026-09-23 08:00:00+09:00,862,0.7006944444444445,False,L:fail_b;A:fail_b,0.9931599144616479,-1.8826492883520218,0.63,-2.5784543173284864,0.51,NONE,42.3316989230257,NO_TRADE,STEP1_UNDETERMINED
20261003T044948Z-30b299,blocks,bootstrap,2026-09-23,V2,struct,2026-09-21 08:00:00+09:00,2026-09-23 08:00:00+09:00,862,0.7006944444444445,False,L:fail_b;A:fail_b,1.0,-1.9223239630602493,0.26,-2.536641789798869,0.23,NONE,41.38744806477665,NO_TRADE,STEP1_UNDETERMINED
20261003T044948Z-30b299,blocks,bootstrap,2026-09-24,V1,ols,2026-09-23 08:00:00+09:00,2026-09-24 08:00:00+09:00,213,0.8520833333333333,False,,,,,,,,,NO_TRADE,DATA_BAD
20261003T044948Z-30b299,blocks,bootstrap,2026-09-24,V1,tls,2026-09-23 08:00:00+09:00,2026-09-24 08:00:00+09:00,213,0.8520833333333333,False,,,,,,,,,NO_TRADE,DATA_BAD
20261003T044948Z-30b299,blocks,bootstrap,2026-09-24,V1,dols,2026-09-23 08:00:00+09:00,2026-09-24 08:00:00+09:00,213,0.8520833333333333,False,,,,,,,,,NO_TRADE,DATA_BAD
20261003T044948Z-30b299,blocks,bootstrap,2026-09-24,V1,struct,2026-09-23 08:00:00+09:00,2026-09-24 08:00:00+09:00,213,0.8520833333333333,False,,,,,,,,,NO_TRADE,DATA_BAD
20261003T044948Z-30b299,blocks,bootstrap,2026-09-24,V2,ols,2026-09-22 08:00:00+09:00,2026-09-24 08:00:00+09:00,1058,0.6326388888888889,False,L:fail_b;A:fail_b,0.9703548121996136,-1.3317064039836968,0.825,-1.1955130898070394,0.805,NONE,213.8086855222695,NO_TRADE,STEP1_UNDETERMINED
20261003T044948Z-30b299,blocks,bootstrap,2026-09-24,V2,tls,2026-09-22 08:00:00+09:00,2026-09-24 08:00:00+09:00,1058,0.6326388888888889,False,L:fail_b;A:fail_b,1.0992625703789367,-1.8190407134285502,0.605,-1.2126275566327958,0.825,NONE,143.22684618848453,NO_TRADE,STEP1_UNDETERMINED
20261003T044948Z-30b299,blocks,bootstrap,2026-09-24,V2,dols,2026-09-22 08:00:00+09:00,2026-09-24 08:00:00+09:00,1058,0.6326388888888889,False,L:fail_b;A:fail_b,0.9793590102935322,-1.3663232349807428,0.825,-1.186893938016188,0.805,NONE,206.82893020215766,NO_TRADE,STEP1_UNDETERMINED
20261003T044948Z-30b299,blocks,bootstrap,2026-09-24,V2,struct,2026-09-22 08:00:00+09:00,2026-09-24 08:00:00+09:00,1058,0.6326388888888889,False,L:fail_b;A:fail_b,1.0,-1.4461651348097946,0.395,-1.1734953458523127,0.52,NONE,192.1961468754952,NO_TRADE,STEP1_UNDETERMINED
20261003T044948Z-30b299,blocks,bootstrap,2026-09-25,V1,ols,2026-09-23 08:00:00+09:00,2026-09-24 08:00:00+09:00,213,0.8520833333333333,False,,,,,,,,,NO_TRADE,DATA_BAD
20261003T044948Z-30b299,blocks,bootstrap,2026-09-25,V1,tls,2026-09-23 08:00:00+09:00,2026-09-24 08:00:00+09:00,213,0.8520833333333333,False,,,,,,,,,NO_TRADE,DATA_BAD
20261003T044948Z-30b299,blocks,bootstrap,2026-09-25,V1,dols,2026-09-23 08:00:00+09:00,2026-09-24 08:00:00+09:00,213,0.8520833333333333,False,,,,,,,,,NO_TRADE,DATA_BAD
20261003T044948Z-30b299,blocks,bootstrap,2026-09-25,V1,struct,2026-09-23 08:00:00+09:00,2026-09-24 08:00:00+09:00,213,0.8520833333333333,False,,,,,,,,,NO_TRADE,DATA_BAD
20261003T044948Z-30b299,blocks,bootstrap,2026-09-25,V2,ols,2026-09-22 08:00:00+09:00,2026-09-24 08:00:00+09:00,1058,0.6326388888888889,False,L:fail_b;A:fail_b,0.9703548121996136,-1.3317064039836968,0.825,-1.1955130898070394,0.805,NONE,213.8086855222695,NO_TRADE,STEP1_UNDETERMINED
20261003T044948Z-30b299,blocks,bootstrap,2026-09-25,V2,tls,2026-09-22 08:00:00+09:00,2026-09-24 08:00:00+09:00,1058,0.6326388888888889,False,L:fail_b;A:fail_b,1.0992625703789367,-1.8190407134285502,0.605,-1.2126275566327958,0.825,NONE,143.22684618848453,NO_TRADE,STEP1_UNDETERMINED
20261003T044948Z-30b299,blocks,bootstrap,2026-09-25,V2,dols,2026-09-22 08:00:00+09:00,2026-09-24 08:00:00+09:00,1058,0.6326388888888889,False,L:fail_b;A:fail_b,0.9793590102935322,-1.3663232349807428,0.825,-1.186893938016188,0.805,NONE,206.82893020215766,NO_TRADE,STEP1_UNDETERMINED
20261003T044948Z-30b299,blocks,bootstrap,2026-09-25,V2,struct,2026-09-22 08:00:00+09:00,2026-09-24 08:00:00+09:00,1058,0.6326388888888889,False,L:fail_b;A:fail_b,1.0,-1.4461651348097946,0.395,-1.1734953458523127,0.52,NONE,192.1961468754952,NO_TRADE,STEP1_UNDETERMINED
20261003T044948Z-30b299,blocks,bootstrap,2026-09-26,V1,ols,2026-09-23 08:00:00+09:00,2026-09-24 08:00:00+09:00,213,0.8520833333333333,False,,,,,,,,,NO_TRADE,DATA_BAD
20261003T044948Z-30b299,blocks,bootstrap,2026-09-26,V1,tls,2026-09-23 08:00:00+09:00,2026-09-24 08:00:00+09:00,213,0.8520833333333333,False,,,,,,,,,NO_TRADE,DATA_BAD
20261003T044948Z-30b299,blocks,bootstrap,2026-09-26,V1,dols,2026-09-23 08:00:00+09:00,2026-09-24 08:00:00+09:00,213,0.8520833333333333,False,,,,,,,,,NO_TRADE,DATA_BAD
20261003T044948Z-30b299,blocks,bootstrap,2026-09-26,V1,struct,2026-09-23 08:00:00+09:00,2026-09-24 08:00:00+09:00,213,0.8520833333333333,False,,,,,,,,,NO_TRADE,DATA_BAD
20261003T044948Z-30b299,blocks,bootstrap,2026-09-26,V2,ols,2026-09-22 08:00:00+09:00,2026-09-24 08:00:00+09:00,1058,0.6326388888888889,False,L:fail_b;A:fail_b,0.9703548121996136,-1.3317064039836968,0.825,-1.1955130898070394,0.805,NONE,213.8086855222695,NO_TRADE,STEP1_UNDETERMINED
20261003T044948Z-30b299,blocks,bootstrap,2026-09-26,V2,tls,2026-09-22 08:00:00+09:00,2026-09-24 08:00:00+09:00,1058,0.6326388888888889,False,L:fail_b;A:fail_b,1.0992625703789367,-1.8190407134285502,0.605,-1.2126275566327958,0.825,NONE,143.22684618848453,NO_TRADE,STEP1_UNDETERMINED
20261003T044948Z-30b299,blocks,bootstrap,2026-09-26,V2,dols,2026-09-22 08:00:00+09:00,2026-09-24 08:00:00+09:00,1058,0.6326388888888889,False,L:fail_b;A:fail_b,0.9793590102935322,-1.3663232349807428,0.825,-1.186893938016188,0.805,NONE,206.82893020215766,NO_TRADE,STEP1_UNDETERMINED
20261003T044948Z-30b299,blocks,bootstrap,2026-09-26,V2,struct,2026-09-22 08:00:00+09:00,2026-09-24 08:00:00+09:00,1058,0.6326388888888889,False,L:fail_b;A:fail_b,1.0,-1.4461651348097946,0.395,-1.1734953458523127,0.52,NONE,192.1961468754952,NO_TRADE,STEP1_UNDETERMINED
20261003T044948Z-30b299,blocks,bootstrap,2026-09-27,V1,ols,2026-09-23 08:00:00+09:00,2026-09-24 08:00:00+09:00,213,0.8520833333333333,False,,,,,,,,,NO_TRADE,DATA_BAD
20261003T044948Z-30b299,blocks,bootstrap,2026-09-27,V1,tls,2026-09-23 08:00:00+09:00,2026-09-24 08:00:00+09:00,213,0.8520833333333333,False,,,,,,,,,NO_TRADE,DATA_BAD
20261003T044948Z-30b299,blocks,bootstrap,2026-09-27,V1,dols,2026-09-23 08:00:00+09:00,2026-09-24 08:00:00+09:00,213,0.8520833333333333,False,,,,,,,,,NO_TRADE,DATA_BAD
20261003T044948Z-30b299,blocks,bootstrap,2026-09-27,V1,struct,2026-09-23 08:00:00+09:00,2026-09-24 08:00:00+09:00,213,0.8520833333333333,False,,,,,,,,,NO_TRADE,DATA_BAD
20261003T044948Z-30b299,blocks,bootstrap,2026-09-27,V2,ols,2026-09-22 08:00:00+09:00,2026-09-24 08:00:00+09:00,1058,0.6326388888888889,False,L:fail_b;A:fail_b,0.9703548121996136,-1.3317064039836968,0.825,-1.1955130898070394,0.805,NONE,213.8086855222695,NO_TRADE,STEP1_UNDETERMINED
20261003T044948Z-30b299,blocks,bootstrap,2026-09-27,V2,tls,2026-09-22 08:00:00+09:00,2026-09-24 08:00:00+09:00,1058,0.6326388888888889,False,L:fail_b;A:fail_b,1.0992625703789367,-1.8190407134285502,0.605,-1.2126275566327958,0.825,NONE,143.22684618848453,NO_TRADE,STEP1_UNDETERMINED
20261003T044948Z-30b299,blocks,bootstrap,2026-09-27,V2,dols,2026-09-22 08:00:00+09:00,2026-09-24 08:00:00+09:00,1058,0.6326388888888889,False,L:fail_b;A:fail_b,0.9793590102935322,-1.3663232349807428,0.825,-1.186893938016188,0.805,NONE,206.82893020215766,NO_TRADE,STEP1_UNDETERMINED
20261003T044948Z-30b299,blocks,bootstrap,2026-09-27,V2,struct,2026-09-22 08:00:00+09:00,2026-09-24 08:00:00+09:00,1058,0.6326388888888889,False,L:fail_b;A:fail_b,1.0,-1.4461651348097946,0.395,-1.1734953458523127,0.52,NONE,192.1961468754952,NO_TRADE,STEP1_UNDETERMINED
20261003T044948Z-30b299,blocks,bootstrap,2026-09-28,V1,ols,2026-09-23 08:00:00+09:00,2026-09-24 08:00:00+09:00,213,0.8520833333333333,False,,,,,,,,,NO_TRADE,DATA_BAD
20261003T044948Z-30b299,blocks,bootstrap,2026-09-28,V1,tls,2026-09-23 08:00:00+09:00,2026-09-24 08:00:00+09:00,213,0.8520833333333333,False,,,,,,,,,NO_TRADE,DATA_BAD
20261003T044948Z-30b299,blocks,bootstrap,2026-09-28,V1,dols,2026-09-23 08:00:00+09:00,2026-09-24 08:00:00+09:00,213,0.8520833333333333,False,,,,,,,,,NO_TRADE,DATA_BAD
20261003T044948Z-30b299,blocks,bootstrap,2026-09-28,V1,struct,2026-09-23 08:00:00+09:00,2026-09-24 08:00:00+09:00,213,0.8520833333333333,False,,,,,,,,,NO_TRADE,DATA_BAD
20261003T044948Z-30b299,blocks,bootstrap,2026-09-28,V2,ols,2026-09-22 08:00:00+09:00,2026-09-24 08:00:00+09:00,1058,0.6326388888888889,False,L:fail_b;A:fail_b,0.9703548121996136,-1.3317064039836968,0.825,-1.1955130898070394,0.805,NONE,213.8086855222695,NO_TRADE,STEP1_UNDETERMINED
20261003T044948Z-30b299,blocks,bootstrap,2026-09-28,V2,tls,2026-09-22 08:00:00+09:00,2026-09-24 08:00:00+09:00,1058,0.6326388888888889,False,L:fail_b;A:fail_b,1.0992625703789367,-1.8190407134285502,0.605,-1.2126275566327958,0.825,NONE,143.22684618848453,NO_TRADE,STEP1_UNDETERMINED
20261003T044948Z-30b299,blocks,bootstrap,2026-09-28,V2,dols,2026-09-22 08:00:00+09:00,2026-09-24 08:00:00+09:00,1058,0.6326388888888889,False,L:fail_b;A:fail_b,0.9793590102935322,-1.3663232349807428,0.825,-1.186893938016188,0.805,NONE,206.82893020215766,NO_TRADE,STEP1_UNDETERMINED
20261003T044948Z-30b299,blocks,bootstrap,2026-09-28,V2,struct,2026-09-22 08:00:00+09:00,2026-09-24 08:00:00+09:00,1058,0.6326388888888889,False,L:fail_b;A:fail_b,1.0,-1.4461651348097946,0.395,-1.1734953458523127,0.52,NONE,192.1961468754952,NO_TRADE,STEP1_UNDETERMINED
20261003T044948Z-30b299,blocks,bootstrap,2026-09-29,V1,ols,2026-09-28 08:00:00+09:00,2026-09-29 08:00:00+09:00,0,1.0,False,,,,,,,,,NO_TRADE,DATA_BAD
20261003T044948Z-30b299,blocks,bootstrap,2026-09-29,V1,tls,2026-09-28 08:00:00+09:00,2026-09-29 08:00:00+09:00,0,1.0,False,,,,,,,,,NO_TRADE,DATA_BAD
20261003T044948Z-30b299,blocks,bootstrap,2026-09-29,V1,dols,2026-09-28 08:00:00+09:00,2026-09-29 08:00:00+09:00,0,1.0,False,,,,,,,,,NO_TRADE,DATA_BAD
20261003T044948Z-30b299,blocks,bootstrap,2026-09-29,V1,struct,2026-09-28 08:00:00+09:00,2026-09-29 08:00:00+09:00,0,1.0,False,,,,,,,,,NO_TRADE,DATA_BAD
20261003T044948Z-30b299,blocks,bootstrap,2026-09-29,V2,ols,2026-09-28 08:00:00+09:00,2026-09-29 08:00:00+09:00,0,1.0,False,,,,,,,,,NO_TRADE,DATA_BAD
20261003T044948Z-30b299,blocks,bootstrap,2026-09-29,V2,tls,2026-09-28 08:00:00+09:00,2026-09-29 08:00:00+09:00,0,1.0,False,,,,,,,,,NO_TRADE,DATA_BAD
20261003T044948Z-30b299,blocks,bootstrap,2026-09-29,V2,dols,2026-09-28 08:00:00+09:00,2026-09-29 08:00:00+09:00,0,1.0,False,,,,,,,,,NO_TRADE,DATA_BAD
20261003T044948Z-30b299,blocks,bootstrap,2026-09-29,V2,struct,2026-09-28 08:00:00+09:00,2026-09-29 08:00:00+09:00,0,1.0,False,,,,,,,,,NO_TRADE,DATA_BAD
20261003T044948Z-30b299,blocks,bootstrap,2026-09-30,V1,ols,2026-09-29 08:00:00+09:00,2026-09-30 08:00:00+09:00,994,0.30972222222222223,True,I1_BOTH,1.2053048623276925,-2.1296805201110467,0.57,-2.7191563052387555,0.375,NONE,52.222424237249164,NO_TRADE,GATE_FAIL
20261003T044948Z-30b299,blocks,bootstrap,2026-09-30,V1,tls,2026-09-29 08:00:00+09:00,2026-09-30 08:00:00+09:00,994,0.30972222222222223,True,I1_BOTH,1.2604900374724304,-2.318514238275215,0.455,-3.1036836041587246,0.24,NONE,48.17222401275438,NO_TRADE,GATE_FAIL
20261003T044948Z-30b299,blocks,bootstrap,2026-09-30,V1,dols,2026-09-29 08:00:00+09:00,2026-09-30 08:00:00+09:00,994,0.30972222222222223,True,I1_BOTH,1.2062056037115225,-2.132985111566125,0.57,-2.7252202561334977,0.38,NONE,52.13705035912068,NO_TRADE,GATE_FAIL
20261003T044948Z-30b299,blocks,bootstrap,2026-09-30,V1,struct,2026-09-29 08:00:00+09:00,2026-09-30 08:00:00+09:00,994,0.30972222222222223,True,I1_BOTH,1.0,-1.5028110684912612,0.55,-2.0981408890258786,0.335,NONE,88.78894800521154,NO_TRADE,GATE_FAIL
20261003T044948Z-30b299,blocks,bootstrap,2026-09-30,V2,ols,2026-09-28 08:00:00+09:00,2026-09-30 08:00:00+09:00,994,0.6548611111111111,True,I1_BOTH,1.2053048623276925,-2.1296805201110467,0.57,-2.7191563052387555,0.375,NONE,52.222424237249164,NO_TRADE,GATE_FAIL
20261003T044948Z-30b299,blocks,bootstrap,2026-09-30,V2,tls,2026-09-28 08:00:00+09:00,2026-09-30 08:00:00+09:00,994,0.6548611111111111,True,I1_BOTH,1.2604900374724304,-2.318514238275215,0.455,-3.1036836041587246,0.24,NONE,48.17222401275438,NO_TRADE,GATE_FAIL
20261003T044948Z-30b299,blocks,bootstrap,2026-09-30,V2,dols,2026-09-28 08:00:00+09:00,2026-09-30 08:00:00+09:00,994,0.6548611111111111,True,I1_BOTH,1.2062056037115225,-2.132985111566125,0.57,-2.7252202561334977,0.38,NONE,52.13705035912068,NO_TRADE,GATE_FAIL
20261003T044948Z-30b299,blocks,bootstrap,2026-09-30,V2,struct,2026-09-28 08:00:00+09:00,2026-09-30 08:00:00+09:00,994,0.6548611111111111,True,I1_BOTH,1.0,-1.5028110684912612,0.55,-2.0981408890258786,0.335,NONE,88.78894800521154,NO_TRADE,GATE_FAIL
20261003T044948Z-30b299,blocks,bootstrap,2026-10-01,V1,ols,2026-09-30 08:00:00+09:00,2026-10-01 08:00:00+09:00,1346,0.06527777777777777,True,I1_BOTH,0.8506924025449243,-2.9999166102540684,0.085,-2.765202946576163,0.385,NONE,17.90918946048251,NO_TRADE,GATE_FAIL
20261003T044948Z-30b299,blocks,bootstrap,2026-10-01,V1,tls,2026-09-30 08:00:00+09:00,2026-10-01 08:00:00+09:00,1346,0.06527777777777777,True,I1_BOTH,0.8771361281595733,-2.9990619286712046,0.1,-2.4903904832847084,0.49,NONE,18.2778635131281,NO_TRADE,GATE_FAIL
20261003T044948Z-30b299,blocks,bootstrap,2026-10-01,V1,dols,2026-09-30 08:00:00+09:00,2026-10-01 08:00:00+09:00,1346,0.06527777777777777,True,I1_BOTH,0.8551951393019326,-2.9999873606934,0.085,-2.7175710067884578,0.4,NONE,17.953836269796778,NO_TRADE,GATE_FAIL
20261003T044948Z-30b299,blocks,bootstrap,2026-10-01,V1,struct,2026-09-30 08:00:00+09:00,2026-10-01 08:00:00+09:00,1346,0.06527777777777777,True,I1_BOTH,1.0,-3.180548428250117,0.06,-2.094950387956954,0.445,NONE,22.663839574756164,NO_TRADE,GATE_FAIL
20261003T044948Z-30b299,blocks,bootstrap,2026-10-01,V2,ols,2026-09-29 08:00:00+09:00,2026-10-01 08:00:00+09:00,2340,0.1875,False,L:fail_b;A:fail_b,1.006154345995824,-2.6931081867157567,0.215,-2.180975438145369,0.54,NONE,59.09229182895074,NO_TRADE,STEP1_UNDETERMINED
20261003T044948Z-30b299,blocks,bootstrap,2026-10-01,V2,tls,2026-09-29 08:00:00+09:00,2026-10-01 08:00:00+09:00,2340,0.1875,False,L:fail_b;A:fail_b,1.0820327968170897,-3.17350648825305,0.075,-2.9339076043331223,0.24,NONE,55.613786007909,NO_TRADE,STEP1_UNDETERMINED
20261003T044948Z-30b299,blocks,bootstrap,2026-10-01,V2,dols,2026-09-29 08:00:00+09:00,2026-10-01 08:00:00+09:00,2340,0.1875,False,L:fail_b;A:fail_b,1.004495664291707,-2.6891065558278373,0.215,-2.174178747130808,0.54,NONE,59.178815522911044,NO_TRADE,STEP1_UNDETERMINED
20261003T044948Z-30b299,blocks,bootstrap,2026-10-01,V2,struct,2026-09-29 08:00:00+09:00,2026-10-01 08:00:00+09:00,2340,0.1875,False,L:fail_b;A:fail_b,1.0,-2.6784125292469527,0.055,-2.156787396146694,0.255,NONE,59.4150566277311,NO_TRADE,STEP1_UNDETERMINED
20261003T045041Z-906714,blocks,table,2026-09-15,V1,ols,2026-09-14 08:00:00+09:00,2026-09-15 08:00:00+09:00,0,1.0,False,,,,,,,,,NO_TRADE,DATA_BAD
20261003T045041Z-906714,blocks,table,2026-09-15,V1,tls,2026-09-14 08:00:00+09:00,2026-09-15 08:00:00+09:00,0,1.0,False,,,,,,,,,NO_TRADE,DATA_BAD
20261003T045041Z-906714,blocks,table,2026-09-15,V1,dols,2026-09-14 08:00:00+09:00,2026-09-15 08:00:00+09:00,0,1.0,False,,,,,,,,,NO_TRADE,DATA_BAD
20261003T045041Z-906714,blocks,table,2026-09-15,V1,struct,2026-09-14 08:00:00+09:00,2026-09-15 08:00:00+09:00,0,1.0,False,,,,,,,,,NO_TRADE,DATA_BAD
20261003T045041Z-906714,blocks,table,2026-09-15,V2,ols,2026-09-14 08:00:00+09:00,2026-09-15 08:00:00+09:00,0,1.0,False,,,,,,,,,NO_TRADE,DATA_BAD
20261003T045041Z-906714,blocks,table,2026-09-15,V2,tls,2026-09-14 08:00:00+09:00,2026-09-15 08:00:00+09:00,0,1.0,False,,,,,,,,,NO_TRADE,DATA_BAD
20261003T045041Z-906714,blocks,table,2026-09-15,V2,dols,2026-09-14 08:00:00+09:00,2026-09-15 08:00:00+09:00,0,1.0,False,,,,,,,,,NO_TRADE,DATA_BAD
20261003T045041Z-906714,blocks,table,2026-09-15,V2,struct,2026-09-14 08:00:00+09:00,2026-09-15 08:00:00+09:00,0,1.0,False,,,,,,,,,NO_TRADE,DATA_BAD
20261003T045041Z-906714,blocks,table,2026-09-16,V1,ols,2026-09-15 08:00:00+09:00,2026-09-16 08:00:00+09:00,0,1.0,False,,,,,,,,,NO_TRADE,DATA_BAD
20261003T045041Z-906714,blocks,table,2026-09-16,V1,tls,2026-09-15 08:00:00+09:00,2026-09-16 08:00:00+09:00,0,1.0,False,,,,,,,,,NO_TRADE,DATA_BAD
20261003T045041Z-906714,blocks,table,2026-09-16,V1,dols,2026-09-15 08:00:00+09:00,2026-09-16 08:00:00+09:00,0,1.0,False,,,,,,,,,NO_TRADE,DATA_BAD
20261003T045041Z-906714,blocks,table,2026-09-16,V1,struct,2026-09-15 08:00:00+09:00,2026-09-16 08:00:00+09:00,0,1.0,False,,,,,,,,,NO_TRADE,DATA_BAD
20261003T045041Z-906714,blocks,table,2026-09-16,V2,ols,2026-09-14 08:00:00+09:00,2026-09-16 08:00:00+09:00,0,1.0,False,,,,,,,,,NO_TRADE,DATA_BAD
20261003T045041Z-906714,blocks,table,2026-09-16,V2,tls,2026-09-14 08:00:00+09:00,2026-09-16 08:00:00+09:00,0,1.0,False,,,,,,,,,NO_TRADE,DATA_BAD
20261003T045041Z-906714,blocks,table,2026-09-16,V2,dols,2026-09-14 08:00:00+09:00,2026-09-16 08:00:00+09:00,0,1.0,False,,,,,,,,,NO_TRADE,DATA_BAD
20261003T045041Z-906714,blocks,table,2026-09-16,V2,struct,2026-09-14 08:00:00+09:00,2026-09-16 08:00:00+09:00,0,1.0,False,,,,,,,,,NO_TRADE,DATA_BAD
20261003T045041Z-906714,blocks,table,2026-09-17,V1,ols,2026-09-16 08:00:00+09:00,2026-09-17 08:00:00+09:00,0,1.0,False,,,,,,,,,NO_TRADE,DATA_BAD
20261003T045041Z-906714,blocks,table,2026-09-17,V1,tls,2026-09-16 08:00:00+09:00,2026-09-17 08:00:00+09:00,0,1.0,False,,,,,,,,,NO_TRADE,DATA_BAD
20261003T045041Z-906714,blocks,table,2026-09-17,V1,dols,2026-09-16 08:00:00+09:00,2026-09-17 08:00:00+09:00,0,1.0,False,,,,,,,,,NO_TRADE,DATA_BAD
20261003T045041Z-906714,blocks,table,2026-09-17,V1,struct,2026-09-16 08:00:00+09:00,2026-09-17 08:00:00+09:00,0,1.0,False,,,,,,,,,NO_TRADE,DATA_BAD
20261003T045041Z-906714,blocks,table,2026-09-17,V2,ols,2026-09-15 08:00:00+09:00,2026-09-17 08:00:00+09:00,0,1.0,False,,,,,,,,,NO_TRADE,DATA_BAD
20261003T045041Z-906714,blocks,table,2026-09-17,V2,tls,2026-09-15 08:00:00+09:00,2026-09-17 08:00:00+09:00,0,1.0,False,,,,,,,,,NO_TRADE,DATA_BAD
20261003T045041Z-906714,blocks,table,2026-09-17,V2,dols,2026-09-15 08:00:00+09:00,2026-09-17 08:00:00+09:00,0,1.0,False,,,,,,,,,NO_TRADE,DATA_BAD
20261003T045041Z-906714,blocks,table,2026-09-17,V2,struct,2026-09-15 08:00:00+09:00,2026-09-17 08:00:00+09:00,0,1.0,False,,,,,,,,,NO_TRADE,DATA_BAD
20261003T045041Z-906714,blocks,table,2026-09-18,V1,ols,2026-09-17 08:00:00+09:00,2026-09-18 08:00:00+09:00,0,1.0,False,,,,,,,,,NO_TRADE,DATA_BAD
20261003T045041Z-906714,blocks,table,2026-09-18,V1,tls,2026-09-17 08:00:00+09:00,2026-09-18 08:00:00+09:00,0,1.0,False,,,,,,,,,NO_TRADE,DATA_BAD
20261003T045041Z-906714,blocks,table,2026-09-18,V1,dols,2026-09-17 08:00:00+09:00,2026-09-18 08:00:00+09:00,0,1.0,False,,,,,,,,,NO_TRADE,DATA_BAD
20261003T045041Z-906714,blocks,table,2026-09-18,V1,struct,2026-09-17 08:00:00+09:00,2026-09-18 08:00:00+09:00,0,1.0,False,,,,,,,,,NO_TRADE,DATA_BAD
20261003T045041Z-906714,blocks,table,2026-09-18,V2,ols,2026-09-16 08:00:00+09:00,2026-09-18 08:00:00+09:00,0,1.0,False,,,,,,,,,NO_TRADE,DATA_BAD
20261003T045041Z-906714,blocks,table,2026-09-18,V2,tls,2026-09-16 08:00:00+09:00,2026-09-18 08:00:00+09:00,0,1.0,False,,,,,,,,,NO_TRADE,DATA_BAD
20261003T045041Z-906714,blocks,table,2026-09-18,V2,dols,2026-09-16 08:00:00+09:00,2026-09-18 08:00:00+09:00,0,1.0,False,,,,,,,,,NO_TRADE,DATA_BAD
20261003T045041Z-906714,blocks,table,2026-09-18,V2,struct,2026-09-16 08:00:00+09:00,2026-09-18 08:00:00+09:00,0,1.0,False,,,,,,,,,NO_TRADE,DATA_BAD
20261003T045041Z-906714,blocks,table,2026-09-19,V1,ols,2026-09-18 08:00:00+09:00,2026-09-19 09:00:00+09:00,336,0.776,True,I1_BOTH,1.3873833874321129,-1.5179618490166098,0.7542402059458999,-0.43369564100632463,0.1,NONE,28.072690937598807,NO_TRADE,GATE_FAIL
20261003T045041Z-906714,blocks,table,2026-09-19,V1,tls,2026-09-18 08:00:00+09:00,2026-09-19 09:00:00+09:00,336,0.776,True,I1_BOTH,1.4980324308031772,-1.3584619516956196,0.8113964157892063,-0.5833876598120069,0.1,NONE,21.480411516452392,NO_TRADE,GATE_FAIL
20261003T045041Z-906714,blocks,table,2026-09-19,V1,dols,2026-09-18 08:00:00+09:00,2026-09-19 09:00:00+09:00,336,0.776,True,I1_BOTH,1.4158625792235222,-1.5821275837085036,0.7283742896693354,-0.4480277040251587,0.1,NONE,26.055448067005294,NO_TRADE,GATE_FAIL
20261003T045041Z-906714,blocks,table,2026-09-19,V1,struct,2026-09-18 08:00:00+09:00,2026-09-19 09:00:00+09:00,336,0.776,True,I1_BOTH,1.0,-1.4708879642027055,0.5478603676480366,-1.0237179666374112,0.1,NONE,47.5065047915282,NO_TRADE,GATE_FAIL
20261003T045041Z-906714,blocks,table,2026-09-19,V2,ols,2026-09-17 08:00:00+09:00,2026-09-19 09:00:00+09:00,336,0.8857142857142857,True,I1_BOTH,1.3873833874321129,-1.5179618490166098,0.7542402059458999,-0.43369564100632463,0.1,NONE,28.072690937598807,NO_TRADE,GATE_FAIL
20261003T045041Z-906714,blocks,table,2026-09-19,V2,tls,2026-09-17 08:00:00+09:00,2026-09-19 09:00:00+09:00,336,0.8857142857142857,True,I1_BOTH,1.4980324308031772,-1.3584619516956196,0.8113964157892063,-0.5833876598120069,0.1,NONE,21.480411516452392,NO_TRADE,GATE_FAIL
20261003T045041Z-906714,blocks,table,2026-09-19,V2,dols,2026-09-17 08:00:00+09:00,2026-09-19 09:00:00+09:00,336,0.8857142857142857,True,I1_BOTH,1.4158625792235222,-1.5821275837085036,0.7283742896693354,-0.4480277040251587,0.1,NONE,26.055448067005294,NO_TRADE,GATE_FAIL
20261003T045041Z-906714,blocks,table,2026-09-19,V2,struct,2026-09-17 08:00:00+09:00,2026-09-19 09:00:00+09:00,336,0.8857142857142857,True,I1_BOTH,1.0,-1.4708879642027055,0.5478603676480366,-1.0237179666374112,0.1,NONE,47.5065047915282,NO_TRADE,GATE_FAIL
20261003T045041Z-906714,blocks,table,2026-09-20,V1,ols,2026-09-18 08:00:00+09:00,2026-09-19 09:00:00+09:00,336,0.776,True,I1_BOTH,1.3873833874321129,-1.5179618490166098,0.7542402059458999,-0.43369564100632463,0.1,NONE,28.072690937598807,NO_TRADE,GATE_FAIL
20261003T045041Z-906714,blocks,table,2026-09-20,V1,tls,2026-09-18 08:00:00+09:00,2026-09-19 09:00:00+09:00,336,0.776,True,I1_BOTH,1.4980324308031772,-1.3584619516956196,0.8113964157892063,-0.5833876598120069,0.1,NONE,21.480411516452392,NO_TRADE,GATE_FAIL
20261003T045041Z-906714,blocks,table,2026-09-20,V1,dols,2026-09-18 08:00:00+09:00,2026-09-19 09:00:00+09:00,336,0.776,True,I1_BOTH,1.4158625792235222,-1.5821275837085036,0.7283742896693354,-0.4480277040251587,0.1,NONE,26.055448067005294,NO_TRADE,GATE_FAIL
20261003T045041Z-906714,blocks,table,2026-09-20,V1,struct,2026-09-18 08:00:00+09:00,2026-09-19 09:00:00+09:00,336,0.776,True,I1_BOTH,1.0,-1.4708879642027055,0.5478603676480366,-1.0237179666374112,0.1,NONE,47.5065047915282,NO_TRADE,GATE_FAIL
20261003T045041Z-906714,blocks,table,2026-09-20,V2,ols,2026-09-17 08:00:00+09:00,2026-09-19 09:00:00+09:00,336,0.8857142857142857,True,I1_BOTH,1.3873833874321129,-1.5179618490166098,0.7542402059458999,-0.43369564100632463,0.1,NONE,28.072690937598807,NO_TRADE,GATE_FAIL
20261003T045041Z-906714,blocks,table,2026-09-20,V2,tls,2026-09-17 08:00:00+09:00,2026-09-19 09:00:00+09:00,336,0.8857142857142857,True,I1_BOTH,1.4980324308031772,-1.3584619516956196,0.8113964157892063,-0.5833876598120069,0.1,NONE,21.480411516452392,NO_TRADE,GATE_FAIL
20261003T045041Z-906714,blocks,table,2026-09-20,V2,dols,2026-09-17 08:00:00+09:00,2026-09-19 09:00:00+09:00,336,0.8857142857142857,True,I1_BOTH,1.4158625792235222,-1.5821275837085036,0.7283742896693354,-0.4480277040251587,0.1,NONE,26.055448067005294,NO_TRADE,GATE_FAIL
20261003T045041Z-906714,blocks,table,2026-09-20,V2,struct,2026-09-17 08:00:00+09:00,2026-09-19 09:00:00+09:00,336,0.8857142857142857,True,I1_BOTH,1.0,-1.4708879642027055,0.5478603676480366,-1.0237179666374112,0.1,NONE,47.5065047915282,NO_TRADE,GATE_FAIL
20261003T045041Z-906714,blocks,table,2026-09-21,V1,ols,2026-09-18 08:00:00+09:00,2026-09-19 09:00:00+09:00,336,0.776,True,I1_BOTH,1.3873833874321129,-1.5179618490166098,0.7542402059458999,-0.43369564100632463,0.1,NONE,28.072690937598807,NO_TRADE,GATE_FAIL
20261003T045041Z-906714,blocks,table,2026-09-21,V1,tls,2026-09-18 08:00:00+09:00,2026-09-19 09:00:00+09:00,336,0.776,True,I1_BOTH,1.4980324308031772,-1.3584619516956196,0.8113964157892063,-0.5833876598120069,0.1,NONE,21.480411516452392,NO_TRADE,GATE_FAIL
20261003T045041Z-906714,blocks,table,2026-09-21,V1,dols,2026-09-18 08:00:00+09:00,2026-09-19 09:00:00+09:00,336,0.776,True,I1_BOTH,1.4158625792235222,-1.5821275837085036,0.7283742896693354,-0.4480277040251587,0.1,NONE,26.055448067005294,NO_TRADE,GATE_FAIL
20261003T045041Z-906714,blocks,table,2026-09-21,V1,struct,2026-09-18 08:00:00+09:00,2026-09-19 09:00:00+09:00,336,0.776,True,I1_BOTH,1.0,-1.4708879642027055,0.5478603676480366,-1.0237179666374112,0.1,NONE,47.5065047915282,NO_TRADE,GATE_FAIL
20261003T045041Z-906714,blocks,table,2026-09-21,V2,ols,2026-09-17 08:00:00+09:00,2026-09-19 09:00:00+09:00,336,0.8857142857142857,True,I1_BOTH,1.3873833874321129,-1.5179618490166098,0.7542402059458999,-0.43369564100632463,0.1,NONE,28.072690937598807,NO_TRADE,GATE_FAIL
20261003T045041Z-906714,blocks,table,2026-09-21,V2,tls,2026-09-17 08:00:00+09:00,2026-09-19 09:00:00+09:00,336,0.8857142857142857,True,I1_BOTH,1.4980324308031772,-1.3584619516956196,0.8113964157892063,-0.5833876598120069,0.1,NONE,21.480411516452392,NO_TRADE,GATE_FAIL
20261003T045041Z-906714,blocks,table,2026-09-21,V2,dols,2026-09-17 08:00:00+09:00,2026-09-19 09:00:00+09:00,336,0.8857142857142857,True,I1_BOTH,1.4158625792235222,-1.5821275837085036,0.7283742896693354,-0.4480277040251587,0.1,NONE,26.055448067005294,NO_TRADE,GATE_FAIL
20261003T045041Z-906714,blocks,table,2026-09-21,V2,struct,2026-09-17 08:00:00+09:00,2026-09-19 09:00:00+09:00,336,0.8857142857142857,True,I1_BOTH,1.0,-1.4708879642027055,0.5478603676480366,-1.0237179666374112,0.1,NONE,47.5065047915282,NO_TRADE,GATE_FAIL
20261003T045041Z-906714,blocks,table,2026-09-22,V1,ols,2026-09-21 08:00:00+09:00,2026-09-22 08:00:00+09:00,17,0.9881944444444445,False,,,,,,,,,NO_TRADE,DATA_BAD
20261003T045041Z-906714,blocks,table,2026-09-22,V1,tls,2026-09-21 08:00:00+09:00,2026-09-22 08:00:00+09:00,17,0.9881944444444445,False,,,,,,,,,NO_TRADE,DATA_BAD
20261003T045041Z-906714,blocks,table,2026-09-22,V1,dols,2026-09-21 08:00:00+09:00,2026-09-22 08:00:00+09:00,17,0.9881944444444445,False,,,,,,,,,NO_TRADE,DATA_BAD
20261003T045041Z-906714,blocks,table,2026-09-22,V1,struct,2026-09-21 08:00:00+09:00,2026-09-22 08:00:00+09:00,17,0.9881944444444445,False,,,,,,,,,NO_TRADE,DATA_BAD
20261003T045041Z-906714,blocks,table,2026-09-22,V2,ols,2026-09-21 08:00:00+09:00,2026-09-22 08:00:00+09:00,17,0.9881944444444445,False,,,,,,,,,NO_TRADE,DATA_BAD
20261003T045041Z-906714,blocks,table,2026-09-22,V2,tls,2026-09-21 08:00:00+09:00,2026-09-22 08:00:00+09:00,17,0.9881944444444445,False,,,,,,,,,NO_TRADE,DATA_BAD
20261003T045041Z-906714,blocks,table,2026-09-22,V2,dols,2026-09-21 08:00:00+09:00,2026-09-22 08:00:00+09:00,17,0.9881944444444445,False,,,,,,,,,NO_TRADE,DATA_BAD
20261003T045041Z-906714,blocks,table,2026-09-22,V2,struct,2026-09-21 08:00:00+09:00,2026-09-22 08:00:00+09:00,17,0.9881944444444445,False,,,,,,,,,NO_TRADE,DATA_BAD
20261003T045041Z-906714,blocks,table,2026-09-23,V1,ols,2026-09-22 08:00:00+09:00,2026-09-23 08:00:00+09:00,845,0.4131944444444444,True,I1_BOTH,0.9947492443312376,-1.6907052636860322,0.6811367342446687,-2.2263038624705707,0.1,NONE,98.29275276761847,NO_TRADE,GATE_FAIL
20261003T045041Z-906714,blocks,table,2026-09-23,V1,tls,2026-09-22 08:00:00+09:00,2026-09-23 08:00:00+09:00,845,0.4131944444444444,True,I1_BOTH,1.0380206422967955,-2.032946326940533,0.5114150815384735,-2.2217075333390324,0.1,NONE,85.66719679243958,NO_TRADE,GATE_FAIL
20261003T045041Z-906714,blocks,table,2026-09-23,V1,dols,2026-09-22 08:00:00+09:00,2026-09-23 08:00:00+09:00,845,0.4131944444444444,True,I1_BOTH,1.0028288081367103,-1.7557834251067872,0.6509403781753921,-2.229007215746021,0.1,NONE,95.45022050395241,NO_TRADE,GATE_FAIL
20261003T045041Z-906714,blocks,table,2026-09-23,V1,struct,2026-09-22 08:00:00+09:00,2026-09-23 08:00:00+09:00,845,0.4131944444444444,True,I1_BOTH,1.0,-1.7330013271290636,0.4141943925501385,-2.228252951034259,0.1,NONE,96.41745603344344,NO_TRADE,GATE_FAIL
20261003T045041Z-906714,blocks,table,2026-09-23,V2,ols,2026-09-21 08:00:00+09:00,2026-09-23 08:00:00+09:00,862,0.7006944444444445,True,I1_BOTH,0.9868262816502145,-1.8452817390261753,0.6074779742104832,-2.6132369703999205,0.1,NONE,43.272974456878835,NO_TRADE,GATE_FAIL
20261003T045041Z-906714,blocks,table,2026-09-23,V2,tls,2026-09-21 08:00:00+09:00,2026-09-23 08:00:00+09:00,862,0.7006944444444445,True,I1_BOTH,1.03379722455163,-2.1051405235177456,0.4736803130599519,-2.293293667216822,0.1,NONE,37.689577242793554,NO_TRADE,GATE_FAIL
20261003T045041Z-906714,blocks,table,2026-09-23,V2,dols,2026-09-21 08:00:00+09:00,2026-09-23 08:00:00+09:00,862,0.7006944444444445,True,I1_BOTH,0.9931599144616479,-1.8826492883520218,0.5887803597767283,-2.5784543173284864,0.1,NONE,42.3316989230257,NO_TRADE,GATE_FAIL
20261003T045041Z-906714,blocks,table,2026-09-23,V2,struct,2026-09-21 08:00:00+09:00,2026-09-23 08:00:00+09:00,862,0.7006944444444445,True,I1_BOTH,1.0,-1.9223239630602493,0.32163318048180844,-2.536641789798869,0.1,NONE,41.38744806477665,NO_TRADE,GATE_FAIL
20261003T045041Z-906714,blocks,table,2026-09-24,V1,ols,2026-09-23 08:00:00+09:00,2026-09-24 08:00:00+09:00,213,0.8520833333333333,False,,,,,,,,,NO_TRADE,DATA_BAD
20261003T045041Z-906714,blocks,table,2026-09-24,V1,tls,2026-09-23 08:00:00+09:00,2026-09-24 08:00:00+09:00,213,0.8520833333333333,False,,,,,,,,,NO_TRADE,DATA_BAD
20261003T045041Z-906714,blocks,table,2026-09-24,V1,dols,2026-09-23 08:00:00+09:00,2026-09-24 08:00:00+09:00,213,0.8520833333333333,False,,,,,,,,,NO_TRADE,DATA_BAD
20261003T045041Z-906714,blocks,table,2026-09-24,V1,struct,2026-09-23 08:00:00+09:00,2026-09-24 08:00:00+09:00,213,0.8520833333333333,False,,,,,,,,,NO_TRADE,DATA_BAD
20261003T045041Z-906714,blocks,table,2026-09-24,V2,ols,2026-09-22 08:00:00+09:00,2026-09-24 08:00:00+09:00,1058,0.6326388888888889,True,I1_BOTH,0.9703548121996136,-1.3317064039836968,0.8199632104358308,-1.1955130898070394,0.1,NONE,213.8086855222695,NO_TRADE,GATE_FAIL
20261003T045041Z-906714,blocks,table,2026-09-24,V2,tls,2026-09-22 08:00:00+09:00,2026-09-24 08:00:00+09:00,1058,0.6326388888888889,True,I1_BOTH,1.0992625703789367,-1.8190407134285502,0.6204280530030382,-1.2126275566327958,0.1,NONE,143.22684618848453,NO_TRADE,GATE_FAIL
20261003T045041Z-906714,blocks,table,2026-09-24,V2,dols,2026-09-22 08:00:00+09:00,2026-09-24 08:00:00+09:00,1058,0.6326388888888889,True,I1_BOTH,0.9793590102935322,-1.3663232349807428,0.8088234208977916,-1.186893938016188,0.1,NONE,206.82893020215766,NO_TRADE,GATE_FAIL
20261003T045041Z-906714,blocks,table,2026-09-24,V2,struct,2026-09-22 08:00:00+09:00,2026-09-24 08:00:00+09:00,1058,0.6326388888888889,True,I1_BOTH,1.0,-1.4461651348097946,0.5599549814207391,-1.1734953458523127,0.1,NONE,192.1961468754952,NO_TRADE,GATE_FAIL
20261003T045041Z-906714,blocks,table,2026-09-25,V1,ols,2026-09-23 08:00:00+09:00,2026-09-24 08:00:00+09:00,213,0.8520833333333333,False,,,,,,,,,NO_TRADE,DATA_BAD
20261003T045041Z-906714,blocks,table,2026-09-25,V1,tls,2026-09-23 08:00:00+09:00,2026-09-24 08:00:00+09:00,213,0.8520833333333333,False,,,,,,,,,NO_TRADE,DATA_BAD
20261003T045041Z-906714,blocks,table,2026-09-25,V1,dols,2026-09-23 08:00:00+09:00,2026-09-24 08:00:00+09:00,213,0.8520833333333333,False,,,,,,,,,NO_TRADE,DATA_BAD
20261003T045041Z-906714,blocks,table,2026-09-25,V1,struct,2026-09-23 08:00:00+09:00,2026-09-24 08:00:00+09:00,213,0.8520833333333333,False,,,,,,,,,NO_TRADE,DATA_BAD
20261003T045041Z-906714,blocks,table,2026-09-25,V2,ols,2026-09-22 08:00:00+09:00,2026-09-24 08:00:00+09:00,1058,0.6326388888888889,True,I1_BOTH,0.9703548121996136,-1.3317064039836968,0.8199632104358308,-1.1955130898070394,0.1,NONE,213.8086855222695,NO_TRADE,GATE_FAIL
20261003T045041Z-906714,blocks,table,2026-09-25,V2,tls,2026-09-22 08:00:00+09:00,2026-09-24 08:00:00+09:00,1058,0.6326388888888889,True,I1_BOTH,1.0992625703789367,-1.8190407134285502,0.6204280530030382,-1.2126275566327958,0.1,NONE,143.22684618848453,NO_TRADE,GATE_FAIL
20261003T045041Z-906714,blocks,table,2026-09-25,V2,dols,2026-09-22 08:00:00+09:00,2026-09-24 08:00:00+09:00,1058,0.6326388888888889,True,I1_BOTH,0.9793590102935322,-1.3663232349807428,0.8088234208977916,-1.186893938016188,0.1,NONE,206.82893020215766,NO_TRADE,GATE_FAIL
20261003T045041Z-906714,blocks,table,2026-09-25,V2,struct,2026-09-22 08:00:00+09:00,2026-09-24 08:00:00+09:00,1058,0.6326388888888889,True,I1_BOTH,1.0,-1.4461651348097946,0.5599549814207391,-1.1734953458523127,0.1,NONE,192.1961468754952,NO_TRADE,GATE_FAIL
20261003T045041Z-906714,blocks,table,2026-09-26,V1,ols,2026-09-23 08:00:00+09:00,2026-09-24 08:00:00+09:00,213,0.8520833333333333,False,,,,,,,,,NO_TRADE,DATA_BAD
20261003T045041Z-906714,blocks,table,2026-09-26,V1,tls,2026-09-23 08:00:00+09:00,2026-09-24 08:00:00+09:00,213,0.8520833333333333,False,,,,,,,,,NO_TRADE,DATA_BAD
20261003T045041Z-906714,blocks,table,2026-09-26,V1,dols,2026-09-23 08:00:00+09:00,2026-09-24 08:00:00+09:00,213,0.8520833333333333,False,,,,,,,,,NO_TRADE,DATA_BAD
20261003T045041Z-906714,blocks,table,2026-09-26,V1,struct,2026-09-23 08:00:00+09:00,2026-09-24 08:00:00+09:00,213,0.8520833333333333,False,,,,,,,,,NO_TRADE,DATA_BAD
20261003T045041Z-906714,blocks,table,2026-09-26,V2,ols,2026-09-22 08:00:00+09:00,2026-09-24 08:00:00+09:00,1058,0.6326388888888889,True,I1_BOTH,0.9703548121996136,-1.3317064039836968,0.8199632104358308,-1.1955130898070394,0.1,NONE,213.8086855222695,NO_TRADE,GATE_FAIL
20261003T045041Z-906714,blocks,table,2026-09-26,V2,tls,2026-09-22 08:00:00+09:00,2026-09-24 08:00:00+09:00,1058,0.6326388888888889,True,I1_BOTH,1.0992625703789367,-1.8190407134285502,0.6204280530030382,-1.2126275566327958,0.1,NONE,143.22684618848453,NO_TRADE,GATE_FAIL
20261003T045041Z-906714,blocks,table,2026-09-26,V2,dols,2026-09-22 08:00:00+09:00,2026-09-24 08:00:00+09:00,1058,0.6326388888888889,True,I1_BOTH,0.9793590102935322,-1.3663232349807428,0.8088234208977916,-1.186893938016188,0.1,NONE,206.82893020215766,NO_TRADE,GATE_FAIL
20261003T045041Z-906714,blocks,table,2026-09-26,V2,struct,2026-09-22 08:00:00+09:00,2026-09-24 08:00:00+09:00,1058,0.6326388888888889,True,I1_BOTH,1.0,-1.4461651348097946,0.5599549814207391,-1.1734953458523127,0.1,NONE,192.1961468754952,NO_TRADE,GATE_FAIL
20261003T045041Z-906714,blocks,table,2026-09-27,V1,ols,2026-09-23 08:00:00+09:00,2026-09-24 08:00:00+09:00,213,0.8520833333333333,False,,,,,,,,,NO_TRADE,DATA_BAD
20261003T045041Z-906714,blocks,table,2026-09-27,V1,tls,2026-09-23 08:00:00+09:00,2026-09-24 08:00:00+09:00,213,0.8520833333333333,False,,,,,,,,,NO_TRADE,DATA_BAD
20261003T045041Z-906714,blocks,table,2026-09-27,V1,dols,2026-09-23 08:00:00+09:00,2026-09-24 08:00:00+09:00,213,0.8520833333333333,False,,,,,,,,,NO_TRADE,DATA_BAD
20261003T045041Z-906714,blocks,table,2026-09-27,V1,struct,2026-09-23 08:00:00+09:00,2026-09-24 08:00:00+09:00,213,0.8520833333333333,False,,,,,,,,,NO_TRADE,DATA_BAD
20261003T045041Z-906714,blocks,table,2026-09-27,V2,ols,2026-09-22 08:00:00+09:00,2026-09-24 08:00:00+09:00,1058,0.6326388888888889,True,I1_BOTH,0.9703548121996136,-1.3317064039836968,0.8199632104358308,-1.1955130898070394,0.1,NONE,213.8086855222695,NO_TRADE,GATE_FAIL
20261003T045041Z-906714,blocks,table,2026-09-27,V2,tls,2026-09-22 08:00:00+09:00,2026-09-24 08:00:00+09:00,1058,0.6326388888888889,True,I1_BOTH,1.0992625703789367,-1.8190407134285502,0.6204280530030382,-1.2126275566327958,0.1,NONE,143.22684618848453,NO_TRADE,GATE_FAIL
20261003T045041Z-906714,blocks,table,2026-09-27,V2,dols,2026-09-22 08:00:00+09:00,2026-09-24 08:00:00+09:00,1058,0.6326388888888889,True,I1_BOTH,0.9793590102935322,-1.3663232349807428,0.8088234208977916,-1.186893938016188,0.1,NONE,206.82893020215766,NO_TRADE,GATE_FAIL
20261003T045041Z-906714,blocks,table,2026-09-27,V2,struct,2026-09-22 08:00:00+09:00,2026-09-24 08:00:00+09:00,1058,0.6326388888888889,True,I1_BOTH,1.0,-1.4461651348097946,0.5599549814207391,-1.1734953458523127,0.1,NONE,192.1961468754952,NO_TRADE,GATE_FAIL
20261003T045041Z-906714,blocks,table,2026-09-28,V1,ols,2026-09-23 08:00:00+09:00,2026-09-24 08:00:00+09:00,213,0.8520833333333333,False,,,,,,,,,NO_TRADE,DATA_BAD
20261003T045041Z-906714,blocks,table,2026-09-28,V1,tls,2026-09-23 08:00:00+09:00,2026-09-24 08:00:00+09:00,213,0.8520833333333333,False,,,,,,,,,NO_TRADE,DATA_BAD
20261003T045041Z-906714,blocks,table,2026-09-28,V1,dols,2026-09-23 08:00:00+09:00,2026-09-24 08:00:00+09:00,213,0.8520833333333333,False,,,,,,,,,NO_TRADE,DATA_BAD
20261003T045041Z-906714,blocks,table,2026-09-28,V1,struct,2026-09-23 08:00:00+09:00,2026-09-24 08:00:00+09:00,213,0.8520833333333333,False,,,,,,,,,NO_TRADE,DATA_BAD
20261003T045041Z-906714,blocks,table,2026-09-28,V2,ols,2026-09-22 08:00:00+09:00,2026-09-24 08:00:00+09:00,1058,0.6326388888888889,True,I1_BOTH,0.9703548121996136,-1.3317064039836968,0.8199632104358308,-1.1955130898070394,0.1,NONE,213.8086855222695,NO_TRADE,GATE_FAIL
20261003T045041Z-906714,blocks,table,2026-09-28,V2,tls,2026-09-22 08:00:00+09:00,2026-09-24 08:00:00+09:00,1058,0.6326388888888889,True,I1_BOTH,1.0992625703789367,-1.8190407134285502,0.6204280530030382,-1.2126275566327958,0.1,NONE,143.22684618848453,NO_TRADE,GATE_FAIL
20261003T045041Z-906714,blocks,table,2026-09-28,V2,dols,2026-09-22 08:00:00+09:00,2026-09-24 08:00:00+09:00,1058,0.6326388888888889,True,I1_BOTH,0.9793590102935322,-1.3663232349807428,0.8088234208977916,-1.186893938016188,0.1,NONE,206.82893020215766,NO_TRADE,GATE_FAIL
20261003T045041Z-906714,blocks,table,2026-09-28,V2,struct,2026-09-22 08:00:00+09:00,2026-09-24 08:00:00+09:00,1058,0.6326388888888889,True,I1_BOTH,1.0,-1.4461651348097946,0.5599549814207391,-1.1734953458523127,0.1,NONE,192.1961468754952,NO_TRADE,GATE_FAIL
20261003T045041Z-906714,blocks,table,2026-09-29,V1,ols,2026-09-28 08:00:00+09:00,2026-09-29 08:00:00+09:00,0,1.0,False,,,,,,,,,NO_TRADE,DATA_BAD
20261003T045041Z-906714,blocks,table,2026-09-29,V1,tls,2026-09-28 08:00:00+09:00,2026-09-29 08:00:00+09:00,0,1.0,False,,,,,,,,,NO_TRADE,DATA_BAD
20261003T045041Z-906714,blocks,table,2026-09-29,V1,dols,2026-09-28 08:00:00+09:00,2026-09-29 08:00:00+09:00,0,1.0,False,,,,,,,,,NO_TRADE,DATA_BAD
20261003T045041Z-906714,blocks,table,2026-09-29,V1,struct,2026-09-28 08:00:00+09:00,2026-09-29 08:00:00+09:00,0,1.0,False,,,,,,,,,NO_TRADE,DATA_BAD
20261003T045041Z-906714,blocks,table,2026-09-29,V2,ols,2026-09-28 08:00:00+09:00,2026-09-29 08:00:00+09:00,0,1.0,False,,,,,,,,,NO_TRADE,DATA_BAD
20261003T045041Z-906714,blocks,table,2026-09-29,V2,tls,2026-09-28 08:00:00+09:00,2026-09-29 08:00:00+09:00,0,1.0,False,,,,,,,,,NO_TRADE,DATA_BAD
20261003T045041Z-906714,blocks,table,2026-09-29,V2,dols,2026-09-28 08:00:00+09:00,2026-09-29 08:00:00+09:00,0,1.0,False,,,,,,,,,NO_TRADE,DATA_BAD
20261003T045041Z-906714,blocks,table,2026-09-29,V2,struct,2026-09-28 08:00:00+09:00,2026-09-29 08:00:00+09:00,0,1.0,False,,,,,,,,,NO_TRADE,DATA_BAD
20261003T045041Z-906714,blocks,table,2026-09-30,V1,ols,2026-09-29 08:00:00+09:00,2026-09-30 08:00:00+09:00,994,0.30972222222222223,True,I1_BOTH,1.2053048623276925,-2.1296805201110467,0.4608654941107789,-2.7191563052387555,0.08904512865948974,NONE,52.222424237249164,NO_TRADE,GATE_FAIL
20261003T045041Z-906714,blocks,table,2026-09-30,V1,tls,2026-09-29 08:00:00+09:00,2026-09-30 08:00:00+09:00,994,0.30972222222222223,True,I1_BOTH,1.2604900374724304,-2.318514238275215,0.3643516358528871,-3.1036836041587246,0.037368465152092765,NONLINEAR,48.17222401275438,TRADE,
20261003T045041Z-906714,blocks,table,2026-09-30,V1,dols,2026-09-29 08:00:00+09:00,2026-09-30 08:00:00+09:00,994,0.30972222222222223,True,I1_BOTH,1.2062056037115225,-2.132985111566125,0.4591418291836845,-2.7252202561334977,0.08792217479009304,NONE,52.13705035912068,NO_TRADE,GATE_FAIL
20261003T045041Z-906714,blocks,table,2026-09-30,V1,struct,2026-09-29 08:00:00+09:00,2026-09-30 08:00:00+09:00,994,0.30972222222222223,True,I1_BOTH,1.0,-1.5028110684912612,0.5321202880026118,-2.0981408890258786,0.1,NONE,88.78894800521154,NO_TRADE,GATE_FAIL
20261003T045041Z-906714,blocks,table,2026-09-30,V2,ols,2026-09-28 08:00:00+09:00,2026-09-30 08:00:00+09:00,994,0.6548611111111111,True,I1_BOTH,1.2053048623276925,-2.1296805201110467,0.4608654941107789,-2.7191563052387555,0.08904512865948974,NONE,52.222424237249164,NO_TRADE,GATE_FAIL
20261003T045041Z-906714,blocks,table,2026-09-30,V2,tls,2026-09-28 08:00:00+09:00,2026-09-30 08:00:00+09:00,994,0.6548611111111111,True,I1_BOTH,1.2604900374724304,-2.318514238275215,0.3643516358528871,-3.1036836041587246,0.037368465152092765,NONLINEAR,48.17222401275438,TRADE,
20261003T045041Z-906714,blocks,table,2026-09-30,V2,dols,2026-09-28 08:00:00+09:00,2026-09-30 08:00:00+09:00,994,0.6548611111111111,True,I1_BOTH,1.2062056037115225,-2.132985111566125,0.4591418291836845,-2.7252202561334977,0.08792217479009304,NONE,52.13705035912068,NO_TRADE,GATE_FAIL
20261003T045041Z-906714,blocks,table,2026-09-30,V2,struct,2026-09-28 08:00:00+09:00,2026-09-30 08:00:00+09:00,994,0.6548611111111111,True,I1_BOTH,1.0,-1.5028110684912612,0.5321202880026118,-2.0981408890258786,0.1,NONE,88.78894800521154,NO_TRADE,GATE_FAIL
20261003T045041Z-906714,blocks,table,2026-10-01,V1,ols,2026-09-30 08:00:00+09:00,2026-10-01 08:00:00+09:00,1346,0.06527777777777777,True,I1_BOTH,0.8506924025449243,-2.9999166102540684,0.11022531793212664,-2.765202946576163,0.0805179728562661,NONE,17.90918946048251,NO_TRADE,GATE_FAIL
20261003T045041Z-906714,blocks,table,2026-10-01,V1,tls,2026-09-30 08:00:00+09:00,2026-10-01 08:00:00+09:00,1346,0.06527777777777777,True,I1_BOTH,0.8771361281595733,-2.9990619286712046,0.11042864169178124,-2.4903904832847084,0.1,NONE,18.2778635131281,NO_TRADE,GATE_FAIL
20261003T045041Z-906714,blocks,table,2026-10-01,V1,dols,2026-09-30 08:00:00+09:00,2026-10-01 08:00:00+09:00,1346,0.06527777777777777,True,I1_BOTH,0.8551951393019326,-2.9999873606934,0.1102084993474573,-2.7175710067884578,0.08933870244658193,NONE,17.953836269796778,NO_TRADE,GATE_FAIL
20261003T045041Z-906714,blocks,table,2026-10-01,V1,struct,2026-09-30 08:00:00+09:00,2026-10-01 08:00:00+09:00,1346,0.06527777777777777,True,I1_BOTH,1.0,-3.180548428250117,0.021138584019197586,-2.094950387956954,0.1,LINEAR,22.663839574756164,TRADE,
20261003T045041Z-906714,blocks,table,2026-10-01,V2,ols,2026-09-29 08:00:00+09:00,2026-10-01 08:00:00+09:00,2340,0.1875,True,I1_BOTH,1.006154345995824,-2.6931081867157567,0.20206715354479787,-2.180975438145369,0.1,NONE,59.09229182895074,NO_TRADE,GATE_FAIL
20261003T045041Z-906714,blocks,table,2026-10-01,V2,tls,2026-09-29 08:00:00+09:00,2026-10-01 08:00:00+09:00,2340,0.1875,True,I1_BOTH,1.0820327968170897,-3.17350648825305,0.07447126804789954,-2.9339076043331223,0.04971581059395476,NONLINEAR,55.613786007909,TRADE,
20261003T045041Z-906714,blocks,table,2026-10-01,V2,dols,2026-09-29 08:00:00+09:00,2026-10-01 08:00:00+09:00,2340,0.1875,True,I1_BOTH,1.004495664291707,-2.6891065558278373,0.2035210311042599,-2.174178747130808,0.1,NONE,59.178815522911044,NO_TRADE,GATE_FAIL
20261003T045041Z-906714,blocks,table,2026-10-01,V2,struct,2026-09-29 08:00:00+09:00,2026-10-01 08:00:00+09:00,2340,0.1875,True,I1_BOTH,1.0,-2.6784125292469527,0.07784891708361823,-2.156787396146694,0.1,NONE,59.4150566277311,NO_TRADE,GATE_FAIL
20261003T045133Z-9651de,continuous,bootstrap,2026-09-15,V1,ols,2026-09-14 08:00:00+09:00,2026-09-15 08:00:00+09:00,0,1.0,False,,,,,,,,,NO_TRADE,DATA_BAD
20261003T045133Z-9651de,continuous,bootstrap,2026-09-15,V1,tls,2026-09-14 08:00:00+09:00,2026-09-15 08:00:00+09:00,0,1.0,False,,,,,,,,,NO_TRADE,DATA_BAD
20261003T045133Z-9651de,continuous,bootstrap,2026-09-15,V1,dols,2026-09-14 08:00:00+09:00,2026-09-15 08:00:00+09:00,0,1.0,False,,,,,,,,,NO_TRADE,DATA_BAD
20261003T045133Z-9651de,continuous,bootstrap,2026-09-15,V1,struct,2026-09-14 08:00:00+09:00,2026-09-15 08:00:00+09:00,0,1.0,False,,,,,,,,,NO_TRADE,DATA_BAD
20261003T045133Z-9651de,continuous,bootstrap,2026-09-15,V2,ols,2026-09-13 08:00:00+09:00,2026-09-15 08:00:00+09:00,0,1.0,False,,,,,,,,,NO_TRADE,DATA_BAD
20261003T045133Z-9651de,continuous,bootstrap,2026-09-15,V2,tls,2026-09-13 08:00:00+09:00,2026-09-15 08:00:00+09:00,0,1.0,False,,,,,,,,,NO_TRADE,DATA_BAD
20261003T045133Z-9651de,continuous,bootstrap,2026-09-15,V2,dols,2026-09-13 08:00:00+09:00,2026-09-15 08:00:00+09:00,0,1.0,False,,,,,,,,,NO_TRADE,DATA_BAD
20261003T045133Z-9651de,continuous,bootstrap,2026-09-15,V2,struct,2026-09-13 08:00:00+09:00,2026-09-15 08:00:00+09:00,0,1.0,False,,,,,,,,,NO_TRADE,DATA_BAD
20261003T045133Z-9651de,continuous,bootstrap,2026-09-16,V1,ols,2026-09-15 08:00:00+09:00,2026-09-16 08:00:00+09:00,0,1.0,False,,,,,,,,,NO_TRADE,DATA_BAD
20261003T045133Z-9651de,continuous,bootstrap,2026-09-16,V1,tls,2026-09-15 08:00:00+09:00,2026-09-16 08:00:00+09:00,0,1.0,False,,,,,,,,,NO_TRADE,DATA_BAD
20261003T045133Z-9651de,continuous,bootstrap,2026-09-16,V1,dols,2026-09-15 08:00:00+09:00,2026-09-16 08:00:00+09:00,0,1.0,False,,,,,,,,,NO_TRADE,DATA_BAD
20261003T045133Z-9651de,continuous,bootstrap,2026-09-16,V1,struct,2026-09-15 08:00:00+09:00,2026-09-16 08:00:00+09:00,0,1.0,False,,,,,,,,,NO_TRADE,DATA_BAD
20261003T045133Z-9651de,continuous,bootstrap,2026-09-16,V2,ols,2026-09-14 08:00:00+09:00,2026-09-16 08:00:00+09:00,0,1.0,False,,,,,,,,,NO_TRADE,DATA_BAD
20261003T045133Z-9651de,continuous,bootstrap,2026-09-16,V2,tls,2026-09-14 08:00:00+09:00,2026-09-16 08:00:00+09:00,0,1.0,False,,,,,,,,,NO_TRADE,DATA_BAD
20261003T045133Z-9651de,continuous,bootstrap,2026-09-16,V2,dols,2026-09-14 08:00:00+09:00,2026-09-16 08:00:00+09:00,0,1.0,False,,,,,,,,,NO_TRADE,DATA_BAD
20261003T045133Z-9651de,continuous,bootstrap,2026-09-16,V2,struct,2026-09-14 08:00:00+09:00,2026-09-16 08:00:00+09:00,0,1.0,False,,,,,,,,,NO_TRADE,DATA_BAD
20261003T045133Z-9651de,continuous,bootstrap,2026-09-17,V1,ols,2026-09-16 08:00:00+09:00,2026-09-17 08:00:00+09:00,0,1.0,False,,,,,,,,,NO_TRADE,DATA_BAD
20261003T045133Z-9651de,continuous,bootstrap,2026-09-17,V1,tls,2026-09-16 08:00:00+09:00,2026-09-17 08:00:00+09:00,0,1.0,False,,,,,,,,,NO_TRADE,DATA_BAD
20261003T045133Z-9651de,continuous,bootstrap,2026-09-17,V1,dols,2026-09-16 08:00:00+09:00,2026-09-17 08:00:00+09:00,0,1.0,False,,,,,,,,,NO_TRADE,DATA_BAD
20261003T045133Z-9651de,continuous,bootstrap,2026-09-17,V1,struct,2026-09-16 08:00:00+09:00,2026-09-17 08:00:00+09:00,0,1.0,False,,,,,,,,,NO_TRADE,DATA_BAD
20261003T045133Z-9651de,continuous,bootstrap,2026-09-17,V2,ols,2026-09-15 08:00:00+09:00,2026-09-17 08:00:00+09:00,0,1.0,False,,,,,,,,,NO_TRADE,DATA_BAD
20261003T045133Z-9651de,continuous,bootstrap,2026-09-17,V2,tls,2026-09-15 08:00:00+09:00,2026-09-17 08:00:00+09:00,0,1.0,False,,,,,,,,,NO_TRADE,DATA_BAD
20261003T045133Z-9651de,continuous,bootstrap,2026-09-17,V2,dols,2026-09-15 08:00:00+09:00,2026-09-17 08:00:00+09:00,0,1.0,False,,,,,,,,,NO_TRADE,DATA_BAD
20261003T045133Z-9651de,continuous,bootstrap,2026-09-17,V2,struct,2026-09-15 08:00:00+09:00,2026-09-17 08:00:00+09:00,0,1.0,False,,,,,,,,,NO_TRADE,DATA_BAD
20261003T045133Z-9651de,continuous,bootstrap,2026-09-18,V1,ols,2026-09-17 08:00:00+09:00,2026-09-18 08:00:00+09:00,0,1.0,False,,,,,,,,,NO_TRADE,DATA_BAD
20261003T045133Z-9651de,continuous,bootstrap,2026-09-18,V1,tls,2026-09-17 08:00:00+09:00,2026-09-18 08:00:00+09:00,0,1.0,False,,,,,,,,,NO_TRADE,DATA_BAD
20261003T045133Z-9651de,continuous,bootstrap,2026-09-18,V1,dols,2026-09-17 08:00:00+09:00,2026-09-18 08:00:00+09:00,0,1.0,False,,,,,,,,,NO_TRADE,DATA_BAD
20261003T045133Z-9651de,continuous,bootstrap,2026-09-18,V1,struct,2026-09-17 08:00:00+09:00,2026-09-18 08:00:00+09:00,0,1.0,False,,,,,,,,,NO_TRADE,DATA_BAD
20261003T045133Z-9651de,continuous,bootstrap,2026-09-18,V2,ols,2026-09-16 08:00:00+09:00,2026-09-18 08:00:00+09:00,0,1.0,False,,,,,,,,,NO_TRADE,DATA_BAD
20261003T045133Z-9651de,continuous,bootstrap,2026-09-18,V2,tls,2026-09-16 08:00:00+09:00,2026-09-18 08:00:00+09:00,0,1.0,False,,,,,,,,,NO_TRADE,DATA_BAD
20261003T045133Z-9651de,continuous,bootstrap,2026-09-18,V2,dols,2026-09-16 08:00:00+09:00,2026-09-18 08:00:00+09:00,0,1.0,False,,,,,,,,,NO_TRADE,DATA_BAD
20261003T045133Z-9651de,continuous,bootstrap,2026-09-18,V2,struct,2026-09-16 08:00:00+09:00,2026-09-18 08:00:00+09:00,0,1.0,False,,,,,,,,,NO_TRADE,DATA_BAD
20261003T045133Z-9651de,continuous,bootstrap,2026-09-19,V1,ols,2026-09-18 09:00:00+09:00,2026-09-19 09:00:00+09:00,336,0.7666666666666666,False,L:fail_b;A:fail_b,1.3873833874321129,-1.5179618490166098,0.65,-0.43369564100632463,0.92,NONE,28.072690937598807,NO_TRADE,STEP1_UNDETERMINED
20261003T045133Z-9651de,continuous,bootstrap,2026-09-19,V1,tls,2026-09-18 09:00:00+09:00,2026-09-19 09:00:00+09:00,336,0.7666666666666666,False,L:fail_b;A:fail_b,1.4980324308031772,-1.3584619516956196,0.835,-0.5833876598120069,0.945,NONE,21.480411516452392,NO_TRADE,STEP1_UNDETERMINED
20261003T045133Z-9651de,continuous,bootstrap,2026-09-19,V1,dols,2026-09-18 09:00:00+09:00,2026-09-19 09:00:00+09:00,336,0.7666666666666666,False,L:fail_b;A:fail_b,1.4158625792235222,-1.5821275837085036,0.63,-0.4480277040251587,0.915,NONE,26.055448067005294,NO_TRADE,STEP1_UNDETERMINED
20261003T045133Z-9651de,continuous,bootstrap,2026-09-19,V1,struct,2026-09-18 09:00:00+09:00,2026-09-19 09:00:00+09:00,336,0.7666666666666666,False,L:fail_b;A:fail_b,1.0,-1.4708879642027055,0.42,-1.0237179666374112,0.76,NONE,47.5065047915282,NO_TRADE,STEP1_UNDETERMINED
20261003T045133Z-9651de,continuous,bootstrap,2026-09-19,V2,ols,2026-09-17 09:00:00+09:00,2026-09-19 09:00:00+09:00,336,0.8833333333333333,False,L:fail_b;A:fail_b,1.3873833874321129,-1.5179618490166098,0.65,-0.43369564100632463,0.92,NONE,28.072690937598807,NO_TRADE,STEP1_UNDETERMINED
20261003T045133Z-9651de,continuous,bootstrap,2026-09-19,V2,tls,2026-09-17 09:00:00+09:00,2026-09-19 09:00:00+09:00,336,0.8833333333333333,False,L:fail_b;A:fail_b,1.4980324308031772,-1.3584619516956196,0.835,-0.5833876598120069,0.945,NONE,21.480411516452392,NO_TRADE,STEP1_UNDETERMINED
20261003T045133Z-9651de,continuous,bootstrap,2026-09-19,V2,dols,2026-09-17 09:00:00+09:00,2026-09-19 09:00:00+09:00,336,0.8833333333333333,False,L:fail_b;A:fail_b,1.4158625792235222,-1.5821275837085036,0.63,-0.4480277040251587,0.915,NONE,26.055448067005294,NO_TRADE,STEP1_UNDETERMINED
20261003T045133Z-9651de,continuous,bootstrap,2026-09-19,V2,struct,2026-09-17 09:00:00+09:00,2026-09-19 09:00:00+09:00,336,0.8833333333333333,False,L:fail_b;A:fail_b,1.0,-1.4708879642027055,0.42,-1.0237179666374112,0.76,NONE,47.5065047915282,NO_TRADE,STEP1_UNDETERMINED
20261003T045133Z-9651de,continuous,bootstrap,2026-09-20,V1,ols,2026-09-19 08:00:00+09:00,2026-09-20 08:00:00+09:00,527,0.6340277777777779,False,L:fail_b;A:fail_b,0.9206986426902305,-2.126980443656792,0.385,-1.7202501347564667,0.625,NONE,6.774845732325945,NO_TRADE,STEP1_UNDETERMINED
20261003T045133Z-9651de,continuous,bootstrap,2026-09-20,V1,tls,2026-09-19 08:00:00+09:00,2026-09-20 08:00:00+09:00,527,0.6340277777777779,False,L:fail_b;A:fail_b,0.9260288230940237,-2.1559842398105618,0.4,-2.155212128844443,0.335,NONE,6.739850059120845,NO_TRADE,STEP1_UNDETERMINED
20261003T045133Z-9651de,continuous,bootstrap,2026-09-20,V1,dols,2026-09-19 08:00:00+09:00,2026-09-20 08:00:00+09:00,527,0.6340277777777779,False,L:fail_b;A:fail_b,0.9190808663259424,-2.11683431351893,0.4,-1.7063682264105262,0.63,NONE,6.793005963796431,NO_TRADE,STEP1_UNDETERMINED
20261003T045133Z-9651de,continuous,bootstrap,2026-09-20,V1,struct,2026-09-19 08:00:00+09:00,2026-09-20 08:00:00+09:00,527,0.6340277777777779,False,L:fail_b;A:fail_b,1.0,-2.3662990668040282,0.125,-1.790988200573286,0.42,NONE,9.724014170165855,NO_TRADE,STEP1_UNDETERMINED
20261003T045133Z-9651de,continuous,bootstrap,2026-09-20,V2,ols,2026-09-18 08:00:00+09:00,2026-09-20 08:00:00+09:00,863,0.7003472222222222,True,I1_BOTH,1.1944111532899844,-3.5623330541457054,0.05,-4.2932299691768705,0.115,NONE,21.187698426972,NO_TRADE,GATE_FAIL
20261003T045133Z-9651de,continuous,bootstrap,2026-09-20,V2,tls,2026-09-18 08:00:00+09:00,2026-09-20 08:00:00+09:00,863,0.7003472222222222,True,I1_BOTH,1.2272744143121435,-3.554851356109055,0.07,-4.564454868165209,0.07,NONE,21.241737058284592,NO_TRADE,GATE_FAIL
20261003T045133Z-9651de,continuous,bootstrap,2026-09-20,V2,dols,2026-09-18 08:00:00+09:00,2026-09-20 08:00:00+09:00,863,0.7003472222222222,True,I1_BOTH,1.1943760323881962,-3.5623130180914133,0.055,-4.292932061064424,0.115,NONE,21.18795613598672,NO_TRADE,GATE_FAIL
20261003T045133Z-9651de,continuous,bootstrap,2026-09-20,V2,struct,2026-09-18 08:00:00+09:00,2026-09-20 08:00:00+09:00,863,0.7003472222222222,True,I1_BOTH,1.0,-2.9829839521787567,0.025,-3.2284095401458424,0.105,LINEAR,32.6741472957616,TRADE,
20261003T045133Z-9651de,continuous,bootstrap,2026-09-21,V1,ols,2026-09-20 08:00:00+09:00,2026-09-21 08:00:00+09:00,775,0.4618055555555556,False,L:fail_b;A:fail_b,0.8965535687382196,-3.2178473573997834,0.085,-3.9211711678987196,0.09,NONE,19.634933278661805,NO_TRADE,STEP1_UNDETERMINED
20261003T045133Z-9651de,continuous,bootstrap,2026-09-21,V1,tls,2026-09-20 08:00:00+09:00,2026-09-21 08:00:00+09:00,775,0.4618055555555556,False,L:fail_b;A:fail_b,0.9467105950850294,-3.012719181384294,0.12,-3.7412081076309573,0.08,NONE,19.6117348543052,NO_TRADE,STEP1_UNDETERMINED
20261003T045133Z-9651de,continuous,bootstrap,2026-09-21,V1,dols,2026-09-20 08:00:00+09:00,2026-09-21 08:00:00+09:00,775,0.4618055555555556,False,L:fail_b;A:fail_b,0.8903713155258254,-3.227470410811258,0.1,-3.928249202233791,0.09,NONE,19.68213627800661,NO_TRADE,STEP1_UNDETERMINED
20261003T045133Z-9651de,continuous,bootstrap,2026-09-21,V1,struct,2026-09-20 08:00:00+09:00,2026-09-21 08:00:00+09:00,775,0.4618055555555556,False,L:fail_b;A:fail_b,1.0,-2.9838735317539964,0.04,-3.711229979570527,0.05,LINEAR,20.238478865112363,NO_TRADE,STEP1_UNDETERMINED
20261003T045133Z-9651de,continuous,bootstrap,2026-09-21,V2,ols,2026-09-19 08:00:00+09:00,2026-09-21 08:00:00+09:00,1302,0.5479166666666666,False,L:fail_b;A:fail_b,0.89533603430957,-1.9468247060004455,0.615,-2.0624745995422002,0.565,NONE,39.28517553599912,NO_TRADE,STEP1_UNDETERMINED
20261003T045133Z-9651de,continuous,bootstrap,2026-09-21,V2,tls,2026-09-19 08:00:00+09:00,2026-09-21 08:00:00+09:00,1302,0.5479166666666666,False,L:fail_b;A:fail_b,0.9489642830514338,-2.048168296267093,0.575,-2.177199884925269,0.5,NONE,38.242176572974934,NO_TRADE,STEP1_UNDETERMINED
20261003T045133Z-9651de,continuous,bootstrap,2026-09-21,V2,dols,2026-09-19 08:00:00+09:00,2026-09-21 08:00:00+09:00,1302,0.5479166666666666,False,L:fail_b;A:fail_b,0.8965576780066654,-1.9490411062801394,0.615,-2.064903280693012,0.565,NONE,39.245714332698455,NO_TRADE,STEP1_UNDETERMINED
20261003T045133Z-9651de,continuous,bootstrap,2026-09-21,V2,struct,2026-09-19 08:00:00+09:00,2026-09-21 08:00:00+09:00,1302,0.5479166666666666,False,L:fail_b;A:fail_b,1.0,-2.143318388107928,0.225,-2.306762814580626,0.15,NONE,38.44864104944292,NO_TRADE,STEP1_UNDETERMINED
20261003T045133Z-9651de,continuous,bootstrap,2026-09-22,V1,ols,2026-09-21 08:00:00+09:00,2026-09-22 08:00:00+09:00,17,0.9881944444444445,False,,,,,,,,,NO_TRADE,DATA_BAD
20261003T045133Z-9651de,continuous,bootstrap,2026-09-22,V1,tls,2026-09-21 08:00:00+09:00,2026-09-22 08:00:00+09:00,17,0.9881944444444445,False,,,,,,,,,NO_TRADE,DATA_BAD
20261003T045133Z-9651de,continuous,bootstrap,2026-09-22,V1,dols,2026-09-21 08:00:00+09:00,2026-09-22 08:00:00+09:00,17,0.9881944444444445,False,,,,,,,,,NO_TRADE,DATA_BAD
20261003T045133Z-9651de,continuous,bootstrap,2026-09-22,V1,struct,2026-09-21 08:00:00+09:00,2026-09-22 08:00:00+09:00,17,0.9881944444444445,False,,,,,,,,,NO_TRADE,DATA_BAD
20261003T045133Z-9651de,continuous,bootstrap,2026-09-22,V2,ols,2026-09-20 08:00:00+09:00,2026-09-22 08:00:00+09:00,792,0.725,False,L:fail_b;A:fail_b,0.9865446714989122,-1.810064367491244,0.52,-0.16260046084321406,0.89,NONE,28.04562334196645,NO_TRADE,STEP1_UNDETERMINED
20261003T045133Z-9651de,continuous,bootstrap,2026-09-22,V2,tls,2026-09-20 08:00:00+09:00,2026-09-22 08:00:00+09:00,792,0.725,False,L:fail_b;A:fail_b,1.0223762628071613,-2.182488965794927,0.355,-1.7151026443795703,0.545,NONE,25.408181677712676,NO_TRADE,STEP1_UNDETERMINED
20261003T045133Z-9651de,continuous,bootstrap,2026-09-22,V2,dols,2026-09-20 08:00:00+09:00,2026-09-22 08:00:00+09:00,792,0.725,False,L:fail_b;A:fail_b,0.9606802497311306,-1.5142343727929535,0.61,0.7466886077821857,0.96,NONE,30.848304461038424,NO_TRADE,STEP1_UNDETERMINED
20261003T045133Z-9651de,continuous,bootstrap,2026-09-22,V2,struct,2026-09-20 08:00:00+09:00,2026-09-22 08:00:00+09:00,792,0.725,False,L:fail_b;A:fail_b,1.0,-1.9568081466564347,0.345,-0.7358074616080656,0.9,NONE,26.902692385788857,NO_TRADE,STEP1_UNDETERMINED
20261003T045133Z-9651de,continuous,bootstrap,2026-09-23,V1,ols,2026-09-22 08:00:00+09:00,2026-09-23 08:00:00+09:00,845,0.4131944444444444,False,L:fail_b;A:fail_b,0.9947492443312376,-1.6907052636860322,0.695,-2.2263038624705707,0.485,NONE,98.29275276761847,NO_TRADE,STEP1_UNDETERMINED
20261003T045133Z-9651de,continuous,bootstrap,2026-09-23,V1,tls,2026-09-22 08:00:00+09:00,2026-09-23 08:00:00+09:00,845,0.4131944444444444,False,L:fail_b;A:fail_b,1.0380206422967955,-2.032946326940533,0.6,-2.2217075333390324,0.515,NONE,85.66719679243958,NO_TRADE,STEP1_UNDETERMINED
20261003T045133Z-9651de,continuous,bootstrap,2026-09-23,V1,dols,2026-09-22 08:00:00+09:00,2026-09-23 08:00:00+09:00,845,0.4131944444444444,False,L:fail_b;A:fail_b,1.0028288081367103,-1.7557834251067872,0.67,-2.229007215746021,0.485,NONE,95.45022050395241,NO_TRADE,STEP1_UNDETERMINED
20261003T045133Z-9651de,continuous,bootstrap,2026-09-23,V1,struct,2026-09-22 08:00:00+09:00,2026-09-23 08:00:00+09:00,845,0.4131944444444444,False,L:fail_b;A:fail_b,1.0,-1.7330013271290636,0.29,-2.228252951034259,0.29,NONE,96.41745603344344,NO_TRADE,STEP1_UNDETERMINED
20261003T045133Z-9651de,continuous,bootstrap,2026-09-23,V2,ols,2026-09-21 08:00:00+09:00,2026-09-23 08:00:00+09:00,862,0.7006944444444445,False,L:fail_b;A:fail_b,0.9868262816502145,-1.8452817390261753,0.61,-2.6132369703999205,0.5,NONE,43.272974456878835,NO_TRADE,STEP1_UNDETERMINED
20261003T045133Z-9651de,continuous,bootstrap,2026-09-23,V2,tls,2026-09-21 08:00:00+09:00,2026-09-23 08:00:00+09:00,862,0.7006944444444445,False,L:fail_b;A:fail_b,1.03379722455163,-2.1051405235177456,0.5,-2.293293667216822,0.615,NONE,37.689577242793554,NO_TRADE,STEP1_UNDETERMINED
20261003T045133Z-9651de,continuous,bootstrap,2026-09-23,V2,dols,2026-09-21 08:00:00+09:00,2026-09-23 08:00:00+09:00,862,0.7006944444444445,False,L:fail_b;A:fail_b,0.9931599144616479,-1.8826492883520218,0.63,-2.5784543173284864,0.51,NONE,42.3316989230257,NO_TRADE,STEP1_UNDETERMINED
20261003T045133Z-9651de,continuous,bootstrap,2026-09-23,V2,struct,2026-09-21 08:00:00+09:00,2026-09-23 08:00:00+09:00,862,0.7006944444444445,False,L:fail_b;A:fail_b,1.0,-1.9223239630602493,0.26,-2.536641789798869,0.23,NONE,41.38744806477665,NO_TRADE,STEP1_UNDETERMINED
20261003T045133Z-9651de,continuous,bootstrap,2026-09-24,V1,ols,2026-09-23 08:00:00+09:00,2026-09-24 08:00:00+09:00,213,0.8520833333333333,False,,,,,,,,,NO_TRADE,DATA_BAD
20261003T045133Z-9651de,continuous,bootstrap,2026-09-24,V1,tls,2026-09-23 08:00:00+09:00,2026-09-24 08:00:00+09:00,213,0.8520833333333333,False,,,,,,,,,NO_TRADE,DATA_BAD
20261003T045133Z-9651de,continuous,bootstrap,2026-09-24,V1,dols,2026-09-23 08:00:00+09:00,2026-09-24 08:00:00+09:00,213,0.8520833333333333,False,,,,,,,,,NO_TRADE,DATA_BAD
20261003T045133Z-9651de,continuous,bootstrap,2026-09-24,V1,struct,2026-09-23 08:00:00+09:00,2026-09-24 08:00:00+09:00,213,0.8520833333333333,False,,,,,,,,,NO_TRADE,DATA_BAD
20261003T045133Z-9651de,continuous,bootstrap,2026-09-24,V2,ols,2026-09-22 08:00:00+09:00,2026-09-24 08:00:00+09:00,1058,0.6326388888888889,False,L:fail_b;A:fail_b,0.9703548121996136,-1.3317064039836968,0.825,-1.1955130898070394,0.805,NONE,213.8086855222695,NO_TRADE,STEP1_UNDETERMINED
20261003T045133Z-9651de,continuous,bootstrap,2026-09-24,V2,tls,2026-09-22 08:00:00+09:00,2026-09-24 08:00:00+09:00,1058,0.6326388888888889,False,L:fail_b;A:fail_b,1.0992625703789367,-1.8190407134285502,0.605,-1.2126275566327958,0.825,NONE,143.22684618848453,NO_TRADE,STEP1_UNDETERMINED
20261003T045133Z-9651de,continuous,bootstrap,2026-09-24,V2,dols,2026-09-22 08:00:00+09:00,2026-09-24 08:00:00+09:00,1058,0.6326388888888889,False,L:fail_b;A:fail_b,0.9793590102935322,-1.3663232349807428,0.825,-1.186893938016188,0.805,NONE,206.82893020215766,NO_TRADE,STEP1_UNDETERMINED
20261003T045133Z-9651de,continuous,bootstrap,2026-09-24,V2,struct,2026-09-22 08:00:00+09:00,2026-09-24 08:00:00+09:00,1058,0.6326388888888889,False,L:fail_b;A:fail_b,1.0,-1.4461651348097946,0.395,-1.1734953458523127,0.52,NONE,192.1961468754952,NO_TRADE,STEP1_UNDETERMINED
20261003T045133Z-9651de,continuous,bootstrap,2026-09-25,V1,ols,2026-09-24 08:00:00+09:00,2026-09-25 08:00:00+09:00,0,1.0,False,,,,,,,,,NO_TRADE,DATA_BAD
20261003T045133Z-9651de,continuous,bootstrap,2026-09-25,V1,tls,2026-09-24 08:00:00+09:00,2026-09-25 08:00:00+09:00,0,1.0,False,,,,,,,,,NO_TRADE,DATA_BAD
20261003T045133Z-9651de,continuous,bootstrap,2026-09-25,V1,dols,2026-09-24 08:00:00+09:00,2026-09-25 08:00:00+09:00,0,1.0,False,,,,,,,,,NO_TRADE,DATA_BAD
20261003T045133Z-9651de,continuous,bootstrap,2026-09-25,V1,struct,2026-09-24 08:00:00+09:00,2026-09-25 08:00:00+09:00,0,1.0,False,,,,,,,,,NO_TRADE,DATA_BAD
20261003T045133Z-9651de,continuous,bootstrap,2026-09-25,V2,ols,2026-09-23 08:00:00+09:00,2026-09-25 08:00:00+09:00,213,0.9260416666666667,False,,,,,,,,,NO_TRADE,DATA_BAD
20261003T045133Z-9651de,continuous,bootstrap,2026-09-25,V2,tls,2026-09-23 08:00:00+09:00,2026-09-25 08:00:00+09:00,213,0.9260416666666667,False,,,,,,,,,NO_TRADE,DATA_BAD
20261003T045133Z-9651de,continuous,bootstrap,2026-09-25,V2,dols,2026-09-23 08:00:00+09:00,2026-09-25 08:00:00+09:00,213,0.9260416666666667,False,,,,,,,,,NO_TRADE,DATA_BAD
20261003T045133Z-9651de,continuous,bootstrap,2026-09-25,V2,struct,2026-09-23 08:00:00+09:00,2026-09-25 08:00:00+09:00,213,0.9260416666666667,False,,,,,,,,,NO_TRADE,DATA_BAD
20261003T045133Z-9651de,continuous,bootstrap,2026-09-26,V1,ols,2026-09-25 09:00:00+09:00,2026-09-26 09:00:00+09:00,1119,0.22291666666666665,True,I1_BOTH,1.22422064240648,-1.6947697668553883,0.785,-3.208887910369014,0.26,NONE,88.74824534611292,NO_TRADE,GATE_FAIL
20261003T045133Z-9651de,continuous,bootstrap,2026-09-26,V1,tls,2026-09-25 09:00:00+09:00,2026-09-26 09:00:00+09:00,1119,0.22291666666666665,True,I1_BOTH,1.3729134281244042,-1.7483203674262604,0.79,-2.907093249949463,0.32,NONE,68.9358679785823,NO_TRADE,GATE_FAIL
20261003T045133Z-9651de,continuous,bootstrap,2026-09-26,V1,dols,2026-09-25 09:00:00+09:00,2026-09-26 09:00:00+09:00,1119,0.22291666666666665,True,I1_BOTH,1.2283628344148725,-1.6945404260556933,0.785,-3.2005817160921257,0.27,NONE,88.0474215248127,NO_TRADE,GATE_FAIL
20261003T045133Z-9651de,continuous,bootstrap,2026-09-26,V1,struct,2026-09-25 09:00:00+09:00,2026-09-26 09:00:00+09:00,1119,0.22291666666666665,True,I1_BOTH,1.0,-1.8319925001621793,0.28,-3.696747860355532,0.04,NONLINEAR,130.47852344743538,NO_TRADE,HALFLIFE_FILTER
20261003T045133Z-9651de,continuous,bootstrap,2026-09-26,V2,ols,2026-09-24 09:00:00+09:00,2026-09-26 09:00:00+09:00,1119,0.6114583333333333,True,I1_BOTH,1.22422064240648,-1.6947697668553883,0.785,-3.208887910369014,0.26,NONE,88.74824534611292,NO_TRADE,GATE_FAIL
20261003T045133Z-9651de,continuous,bootstrap,2026-09-26,V2,tls,2026-09-24 09:00:00+09:00,2026-09-26 09:00:00+09:00,1119,0.6114583333333333,True,I1_BOTH,1.3729134281244042,-1.7483203674262604,0.79,-2.907093249949463,0.32,NONE,68.9358679785823,NO_TRADE,GATE_FAIL
20261003T045133Z-9651de,continuous,bootstrap,2026-09-26,V2,dols,2026-09-24 09:00:00+09:00,2026-09-26 09:00:00+09:00,1119,0.6114583333333333,True,I1_BOTH,1.2283628344148725,-1.6945404260556933,0.785,-3.2005817160921257,0.27,NONE,88.0474215248127,NO_TRADE,GATE_FAIL
20261003T045133Z-9651de,continuous,bootstrap,2026-09-26,V2,struct,2026-09-24 09:00:00+09:00,2026-09-26 09:00:00+09:00,1119,0.6114583333333333,True,I1_BOTH,1.0,-1.8319925001621793,0.28,-3.696747860355532,0.04,NONLINEAR,130.47852344743538,NO_TRADE,HALFLIFE_FILTER
20261003T045133Z-9651de,continuous,bootstrap,2026-09-27,V1,ols,2026-09-26 08:00:00+09:00,2026-09-27 08:00:00+09:00,1433,0.004861111111111094,False,A:fail_b,0.8499669866245111,-1.880088233063886,0.665,-1.472993863717912,0.815,NONE,57.725533693795605,NO_TRADE,STEP1_UNDETERMINED
20261003T045133Z-9651de,continuous,bootstrap,2026-09-27,V1,tls,2026-09-26 08:00:00+09:00,2026-09-27 08:00:00+09:00,1433,0.004861111111111094,False,A:fail_b,0.9096063158522198,-1.736642837731058,0.75,-1.025736601497418,0.935,NONE,59.55283990113891,NO_TRADE,STEP1_UNDETERMINED
20261003T045133Z-9651de,continuous,bootstrap,2026-09-27,V1,dols,2026-09-26 08:00:00+09:00,2026-09-27 08:00:00+09:00,1433,0.004861111111111094,False,A:fail_b,0.8557600751923202,-1.8675130287323654,0.67,-1.4226221532228907,0.83,NONE,57.77721838898817,NO_TRADE,STEP1_UNDETERMINED
20261003T045133Z-9651de,continuous,bootstrap,2026-09-27,V1,struct,2026-09-26 08:00:00+09:00,2026-09-27 08:00:00+09:00,1433,0.004861111111111094,False,A:fail_b,1.0,-1.493378871836034,0.605,-0.6623423547075764,0.93,NONE,67.59098766618942,NO_TRADE,STEP1_UNDETERMINED
20261003T045133Z-9651de,continuous,bootstrap,2026-09-27,V2,ols,2026-09-25 08:00:00+09:00,2026-09-27 08:00:00+09:00,2492,0.1347222222222222,True,I1_BOTH,1.1520645421381097,-2.3378656852772335,0.56,-4.359447398647459,0.17,NONE,101.0924330752777,NO_TRADE,GATE_FAIL
20261003T045133Z-9651de,continuous,bootstrap,2026-09-27,V2,tls,2026-09-25 08:00:00+09:00,2026-09-27 08:00:00+09:00,2492,0.1347222222222222,True,I1_BOTH,1.2524851524932112,-2.3264969096118193,0.585,-4.015427932727104,0.19,NONE,90.2290410135863,NO_TRADE,GATE_FAIL
20261003T045133Z-9651de,continuous,bootstrap,2026-09-27,V2,dols,2026-09-25 08:00:00+09:00,2026-09-27 08:00:00+09:00,2492,0.1347222222222222,True,I1_BOTH,1.1555759326350217,-2.3354276262234683,0.565,-4.346428732922542,0.18,NONE,100.64806768024644,NO_TRADE,GATE_FAIL
20261003T045133Z-9651de,continuous,bootstrap,2026-09-27,V2,struct,2026-09-25 08:00:00+09:00,2026-09-27 08:00:00+09:00,2492,0.1347222222222222,True,I1_BOTH,1.0,-2.328906084995741,0.32,-4.30927345610172,0.045,NONLINEAR,121.84488508503445,NO_TRADE,HALFLIFE_FILTER
20261003T045133Z-9651de,continuous,bootstrap,2026-09-28,V1,ols,2026-09-27 08:00:00+09:00,2026-09-28 08:00:00+09:00,658,0.5430555555555556,True,I1_BOTH,1.5108172963126212,-1.6855819197988309,0.64,-1.5934189948055675,0.745,NONE,36.65338637210404,NO_TRADE,GATE_FAIL
20261003T045133Z-9651de,continuous,bootstrap,2026-09-28,V1,tls,2026-09-27 08:00:00+09:00,2026-09-28 08:00:00+09:00,658,0.5430555555555556,True,I1_BOTH,2.0554242374075615,-3.4878683114373112,0.045,-6.655629199293623,0.01,BOTH_DEFAULT_LINEAR,18.488448609862903,TRADE,
20261003T045133Z-9651de,continuous,bootstrap,2026-09-28,V1,dols,2026-09-27 08:00:00+09:00,2026-09-28 08:00:00+09:00,658,0.5430555555555556,True,I1_BOTH,1.531749762998041,-1.7517115340378393,0.62,-1.7351842955251462,0.695,NONE,35.05874571178175,NO_TRADE,GATE_FAIL
20261003T045133Z-9651de,continuous,bootstrap,2026-09-28,V1,struct,2026-09-27 08:00:00+09:00,2026-09-28 08:00:00+09:00,658,0.5430555555555556,True,I1_BOTH,1.0,0.03449756551564759,0.945,0.1298241392520731,0.935,NONE,235.54001561554972,NO_TRADE,GATE_FAIL
20261003T045133Z-9651de,continuous,bootstrap,2026-09-28,V2,ols,2026-09-26 08:00:00+09:00,2026-09-28 08:00:00+09:00,2091,0.2739583333333333,True,I1_BOTH,0.7385239993641347,-1.132886823098089,0.87,-0.8631062815741365,0.89,NONE,149.07195732602213,NO_TRADE,GATE_FAIL
20261003T045133Z-9651de,continuous,bootstrap,2026-09-28,V2,tls,2026-09-26 08:00:00+09:00,2026-09-28 08:00:00+09:00,2091,0.2739583333333333,True,I1_BOTH,0.7916118024836781,-1.3140530591584594,0.84,-1.3537116890331145,0.785,NONE,137.1415762354618,NO_TRADE,GATE_FAIL
20261003T045133Z-9651de,continuous,bootstrap,2026-09-28,V2,dols,2026-09-26 08:00:00+09:00,2026-09-28 08:00:00+09:00,2091,0.2739583333333333,True,I1_BOTH,0.7361020546863709,-1.1241426989776655,0.87,-0.8427123304991739,0.895,NONE,149.8233301436228,NO_TRADE,GATE_FAIL
20261003T045133Z-9651de,continuous,bootstrap,2026-09-28,V2,struct,2026-09-26 08:00:00+09:00,2026-09-28 08:00:00+09:00,2091,0.2739583333333333,True,I1_BOTH,1.0,-1.6724095179865743,0.47,-1.9267414699410275,0.42,NONE,143.88823978015148,NO_TRADE,GATE_FAIL
20261003T045133Z-9651de,continuous,bootstrap,2026-09-29,V1,ols,2026-09-28 08:00:00+09:00,2026-09-29 08:00:00+09:00,0,1.0,False,,,,,,,,,NO_TRADE,DATA_BAD
20261003T045133Z-9651de,continuous,bootstrap,2026-09-29,V1,tls,2026-09-28 08:00:00+09:00,2026-09-29 08:00:00+09:00,0,1.0,False,,,,,,,,,NO_TRADE,DATA_BAD
20261003T045133Z-9651de,continuous,bootstrap,2026-09-29,V1,dols,2026-09-28 08:00:00+09:00,2026-09-29 08:00:00+09:00,0,1.0,False,,,,,,,,,NO_TRADE,DATA_BAD
20261003T045133Z-9651de,continuous,bootstrap,2026-09-29,V1,struct,2026-09-28 08:00:00+09:00,2026-09-29 08:00:00+09:00,0,1.0,False,,,,,,,,,NO_TRADE,DATA_BAD
20261003T045133Z-9651de,continuous,bootstrap,2026-09-29,V2,ols,2026-09-27 08:00:00+09:00,2026-09-29 08:00:00+09:00,658,0.7715277777777778,True,I1_BOTH,1.5108172963126212,-1.6855819197988309,0.68,-1.5934189948055675,0.765,NONE,36.65338637210404,NO_TRADE,GATE_FAIL
20261003T045133Z-9651de,continuous,bootstrap,2026-09-29,V2,tls,2026-09-27 08:00:00+09:00,2026-09-29 08:00:00+09:00,658,0.7715277777777778,True,I1_BOTH,2.0554242374075615,-3.4878683114373112,0.045,-6.655629199293623,0.03,BOTH_DEFAULT_LINEAR,18.488448609862903,TRADE,
20261003T045133Z-9651de,continuous,bootstrap,2026-09-29,V2,dols,2026-09-27 08:00:00+09:00,2026-09-29 08:00:00+09:00,658,0.7715277777777778,True,I1_BOTH,1.531749762998041,-1.7517115340378393,0.655,-1.7351842955251462,0.72,NONE,35.05874571178175,NO_TRADE,GATE_FAIL
20261003T045133Z-9651de,continuous,bootstrap,2026-09-29,V2,struct,2026-09-27 08:00:00+09:00,2026-09-29 08:00:00+09:00,658,0.7715277777777778,True,I1_BOTH,1.0,0.03449756551564759,0.925,0.1298241392520731,0.925,NONE,235.54001561554972,NO_TRADE,GATE_FAIL
20261003T045133Z-9651de,continuous,bootstrap,2026-09-30,V1,ols,2026-09-29 08:00:00+09:00,2026-09-30 08:00:00+09:00,994,0.30972222222222223,True,I1_BOTH,1.2053048623276925,-2.1296805201110467,0.57,-2.7191563052387555,0.375,NONE,52.222424237249164,NO_TRADE,GATE_FAIL
20261003T045133Z-9651de,continuous,bootstrap,2026-09-30,V1,tls,2026-09-29 08:00:00+09:00,2026-09-30 08:00:00+09:00,994,0.30972222222222223,True,I1_BOTH,1.2604900374724304,-2.318514238275215,0.455,-3.1036836041587246,0.24,NONE,48.17222401275438,NO_TRADE,GATE_FAIL
20261003T045133Z-9651de,continuous,bootstrap,2026-09-30,V1,dols,2026-09-29 08:00:00+09:00,2026-09-30 08:00:00+09:00,994,0.30972222222222223,True,I1_BOTH,1.2062056037115225,-2.132985111566125,0.57,-2.7252202561334977,0.38,NONE,52.13705035912068,NO_TRADE,GATE_FAIL
20261003T045133Z-9651de,continuous,bootstrap,2026-09-30,V1,struct,2026-09-29 08:00:00+09:00,2026-09-30 08:00:00+09:00,994,0.30972222222222223,True,I1_BOTH,1.0,-1.5028110684912612,0.55,-2.0981408890258786,0.335,NONE,88.78894800521154,NO_TRADE,GATE_FAIL
20261003T045133Z-9651de,continuous,bootstrap,2026-09-30,V2,ols,2026-09-28 08:00:00+09:00,2026-09-30 08:00:00+09:00,994,0.6548611111111111,True,I1_BOTH,1.2053048623276925,-2.1296805201110467,0.57,-2.7191563052387555,0.375,NONE,52.222424237249164,NO_TRADE,GATE_FAIL
20261003T045133Z-9651de,continuous,bootstrap,2026-09-30,V2,tls,2026-09-28 08:00:00+09:00,2026-09-30 08:00:00+09:00,994,0.6548611111111111,True,I1_BOTH,1.2604900374724304,-2.318514238275215,0.455,-3.1036836041587246,0.24,NONE,48.17222401275438,NO_TRADE,GATE_FAIL
20261003T045133Z-9651de,continuous,bootstrap,2026-09-30,V2,dols,2026-09-28 08:00:00+09:00,2026-09-30 08:00:00+09:00,994,0.6548611111111111,True,I1_BOTH,1.2062056037115225,-2.132985111566125,0.57,-2.7252202561334977,0.38,NONE,52.13705035912068,NO_TRADE,GATE_FAIL
20261003T045133Z-9651de,continuous,bootstrap,2026-09-30,V2,struct,2026-09-28 08:00:00+09:00,2026-09-30 08:00:00+09:00,994,0.6548611111111111,True,I1_BOTH,1.0,-1.5028110684912612,0.55,-2.0981408890258786,0.335,NONE,88.78894800521154,NO_TRADE,GATE_FAIL
20261003T045133Z-9651de,continuous,bootstrap,2026-10-01,V1,ols,2026-09-30 08:00:00+09:00,2026-10-01 08:00:00+09:00,1346,0.06527777777777777,True,I1_BOTH,0.8506924025449243,-2.9999166102540684,0.085,-2.765202946576163,0.385,NONE,17.90918946048251,NO_TRADE,GATE_FAIL
20261003T045133Z-9651de,continuous,bootstrap,2026-10-01,V1,tls,2026-09-30 08:00:00+09:00,2026-10-01 08:00:00+09:00,1346,0.06527777777777777,True,I1_BOTH,0.8771361281595733,-2.9990619286712046,0.1,-2.4903904832847084,0.49,NONE,18.2778635131281,NO_TRADE,GATE_FAIL
20261003T045133Z-9651de,continuous,bootstrap,2026-10-01,V1,dols,2026-09-30 08:00:00+09:00,2026-10-01 08:00:00+09:00,1346,0.06527777777777777,True,I1_BOTH,0.8551951393019326,-2.9999873606934,0.085,-2.7175710067884578,0.4,NONE,17.953836269796778,NO_TRADE,GATE_FAIL
20261003T045133Z-9651de,continuous,bootstrap,2026-10-01,V1,struct,2026-09-30 08:00:00+09:00,2026-10-01 08:00:00+09:00,1346,0.06527777777777777,True,I1_BOTH,1.0,-3.180548428250117,0.06,-2.094950387956954,0.445,NONE,22.663839574756164,NO_TRADE,GATE_FAIL
20261003T045133Z-9651de,continuous,bootstrap,2026-10-01,V2,ols,2026-09-29 08:00:00+09:00,2026-10-01 08:00:00+09:00,2340,0.1875,False,L:fail_b;A:fail_b,1.006154345995824,-2.6931081867157567,0.215,-2.180975438145369,0.54,NONE,59.09229182895074,NO_TRADE,STEP1_UNDETERMINED
20261003T045133Z-9651de,continuous,bootstrap,2026-10-01,V2,tls,2026-09-29 08:00:00+09:00,2026-10-01 08:00:00+09:00,2340,0.1875,False,L:fail_b;A:fail_b,1.0820327968170897,-3.17350648825305,0.075,-2.9339076043331223,0.24,NONE,55.613786007909,NO_TRADE,STEP1_UNDETERMINED
20261003T045133Z-9651de,continuous,bootstrap,2026-10-01,V2,dols,2026-09-29 08:00:00+09:00,2026-10-01 08:00:00+09:00,2340,0.1875,False,L:fail_b;A:fail_b,1.004495664291707,-2.6891065558278373,0.215,-2.174178747130808,0.54,NONE,59.178815522911044,NO_TRADE,STEP1_UNDETERMINED
20261003T045133Z-9651de,continuous,bootstrap,2026-10-01,V2,struct,2026-09-29 08:00:00+09:00,2026-10-01 08:00:00+09:00,2340,0.1875,False,L:fail_b;A:fail_b,1.0,-2.6784125292469527,0.055,-2.156787396146694,0.255,NONE,59.4150566277311,NO_TRADE,STEP1_UNDETERMINED
20261003T045316Z-4e266a,continuous,table,2026-09-15,V1,ols,2026-09-14 08:00:00+09:00,2026-09-15 08:00:00+09:00,0,1.0,False,,,,,,,,,NO_TRADE,DATA_BAD
20261003T045316Z-4e266a,continuous,table,2026-09-15,V1,tls,2026-09-14 08:00:00+09:00,2026-09-15 08:00:00+09:00,0,1.0,False,,,,,,,,,NO_TRADE,DATA_BAD
20261003T045316Z-4e266a,continuous,table,2026-09-15,V1,dols,2026-09-14 08:00:00+09:00,2026-09-15 08:00:00+09:00,0,1.0,False,,,,,,,,,NO_TRADE,DATA_BAD
20261003T045316Z-4e266a,continuous,table,2026-09-15,V1,struct,2026-09-14 08:00:00+09:00,2026-09-15 08:00:00+09:00,0,1.0,False,,,,,,,,,NO_TRADE,DATA_BAD
20261003T045316Z-4e266a,continuous,table,2026-09-15,V2,ols,2026-09-13 08:00:00+09:00,2026-09-15 08:00:00+09:00,0,1.0,False,,,,,,,,,NO_TRADE,DATA_BAD
20261003T045316Z-4e266a,continuous,table,2026-09-15,V2,tls,2026-09-13 08:00:00+09:00,2026-09-15 08:00:00+09:00,0,1.0,False,,,,,,,,,NO_TRADE,DATA_BAD
20261003T045316Z-4e266a,continuous,table,2026-09-15,V2,dols,2026-09-13 08:00:00+09:00,2026-09-15 08:00:00+09:00,0,1.0,False,,,,,,,,,NO_TRADE,DATA_BAD
20261003T045316Z-4e266a,continuous,table,2026-09-15,V2,struct,2026-09-13 08:00:00+09:00,2026-09-15 08:00:00+09:00,0,1.0,False,,,,,,,,,NO_TRADE,DATA_BAD
20261003T045316Z-4e266a,continuous,table,2026-09-16,V1,ols,2026-09-15 08:00:00+09:00,2026-09-16 08:00:00+09:00,0,1.0,False,,,,,,,,,NO_TRADE,DATA_BAD
20261003T045316Z-4e266a,continuous,table,2026-09-16,V1,tls,2026-09-15 08:00:00+09:00,2026-09-16 08:00:00+09:00,0,1.0,False,,,,,,,,,NO_TRADE,DATA_BAD
20261003T045316Z-4e266a,continuous,table,2026-09-16,V1,dols,2026-09-15 08:00:00+09:00,2026-09-16 08:00:00+09:00,0,1.0,False,,,,,,,,,NO_TRADE,DATA_BAD
20261003T045316Z-4e266a,continuous,table,2026-09-16,V1,struct,2026-09-15 08:00:00+09:00,2026-09-16 08:00:00+09:00,0,1.0,False,,,,,,,,,NO_TRADE,DATA_BAD
20261003T045316Z-4e266a,continuous,table,2026-09-16,V2,ols,2026-09-14 08:00:00+09:00,2026-09-16 08:00:00+09:00,0,1.0,False,,,,,,,,,NO_TRADE,DATA_BAD
20261003T045316Z-4e266a,continuous,table,2026-09-16,V2,tls,2026-09-14 08:00:00+09:00,2026-09-16 08:00:00+09:00,0,1.0,False,,,,,,,,,NO_TRADE,DATA_BAD
20261003T045316Z-4e266a,continuous,table,2026-09-16,V2,dols,2026-09-14 08:00:00+09:00,2026-09-16 08:00:00+09:00,0,1.0,False,,,,,,,,,NO_TRADE,DATA_BAD
20261003T045316Z-4e266a,continuous,table,2026-09-16,V2,struct,2026-09-14 08:00:00+09:00,2026-09-16 08:00:00+09:00,0,1.0,False,,,,,,,,,NO_TRADE,DATA_BAD
20261003T045316Z-4e266a,continuous,table,2026-09-17,V1,ols,2026-09-16 08:00:00+09:00,2026-09-17 08:00:00+09:00,0,1.0,False,,,,,,,,,NO_TRADE,DATA_BAD
20261003T045316Z-4e266a,continuous,table,2026-09-17,V1,tls,2026-09-16 08:00:00+09:00,2026-09-17 08:00:00+09:00,0,1.0,False,,,,,,,,,NO_TRADE,DATA_BAD
20261003T045316Z-4e266a,continuous,table,2026-09-17,V1,dols,2026-09-16 08:00:00+09:00,2026-09-17 08:00:00+09:00,0,1.0,False,,,,,,,,,NO_TRADE,DATA_BAD
20261003T045316Z-4e266a,continuous,table,2026-09-17,V1,struct,2026-09-16 08:00:00+09:00,2026-09-17 08:00:00+09:00,0,1.0,False,,,,,,,,,NO_TRADE,DATA_BAD
20261003T045316Z-4e266a,continuous,table,2026-09-17,V2,ols,2026-09-15 08:00:00+09:00,2026-09-17 08:00:00+09:00,0,1.0,False,,,,,,,,,NO_TRADE,DATA_BAD
20261003T045316Z-4e266a,continuous,table,2026-09-17,V2,tls,2026-09-15 08:00:00+09:00,2026-09-17 08:00:00+09:00,0,1.0,False,,,,,,,,,NO_TRADE,DATA_BAD
20261003T045316Z-4e266a,continuous,table,2026-09-17,V2,dols,2026-09-15 08:00:00+09:00,2026-09-17 08:00:00+09:00,0,1.0,False,,,,,,,,,NO_TRADE,DATA_BAD
20261003T045316Z-4e266a,continuous,table,2026-09-17,V2,struct,2026-09-15 08:00:00+09:00,2026-09-17 08:00:00+09:00,0,1.0,False,,,,,,,,,NO_TRADE,DATA_BAD
20261003T045316Z-4e266a,continuous,table,2026-09-18,V1,ols,2026-09-17 08:00:00+09:00,2026-09-18 08:00:00+09:00,0,1.0,False,,,,,,,,,NO_TRADE,DATA_BAD
20261003T045316Z-4e266a,continuous,table,2026-09-18,V1,tls,2026-09-17 08:00:00+09:00,2026-09-18 08:00:00+09:00,0,1.0,False,,,,,,,,,NO_TRADE,DATA_BAD
20261003T045316Z-4e266a,continuous,table,2026-09-18,V1,dols,2026-09-17 08:00:00+09:00,2026-09-18 08:00:00+09:00,0,1.0,False,,,,,,,,,NO_TRADE,DATA_BAD
20261003T045316Z-4e266a,continuous,table,2026-09-18,V1,struct,2026-09-17 08:00:00+09:00,2026-09-18 08:00:00+09:00,0,1.0,False,,,,,,,,,NO_TRADE,DATA_BAD
20261003T045316Z-4e266a,continuous,table,2026-09-18,V2,ols,2026-09-16 08:00:00+09:00,2026-09-18 08:00:00+09:00,0,1.0,False,,,,,,,,,NO_TRADE,DATA_BAD
20261003T045316Z-4e266a,continuous,table,2026-09-18,V2,tls,2026-09-16 08:00:00+09:00,2026-09-18 08:00:00+09:00,0,1.0,False,,,,,,,,,NO_TRADE,DATA_BAD
20261003T045316Z-4e266a,continuous,table,2026-09-18,V2,dols,2026-09-16 08:00:00+09:00,2026-09-18 08:00:00+09:00,0,1.0,False,,,,,,,,,NO_TRADE,DATA_BAD
20261003T045316Z-4e266a,continuous,table,2026-09-18,V2,struct,2026-09-16 08:00:00+09:00,2026-09-18 08:00:00+09:00,0,1.0,False,,,,,,,,,NO_TRADE,DATA_BAD
20261003T045316Z-4e266a,continuous,table,2026-09-19,V1,ols,2026-09-18 09:00:00+09:00,2026-09-19 09:00:00+09:00,336,0.7666666666666666,True,I1_BOTH,1.3873833874321129,-1.5179618490166098,0.7542402059458999,-0.43369564100632463,0.1,NONE,28.072690937598807,NO_TRADE,GATE_FAIL
20261003T045316Z-4e266a,continuous,table,2026-09-19,V1,tls,2026-09-18 09:00:00+09:00,2026-09-19 09:00:00+09:00,336,0.7666666666666666,True,I1_BOTH,1.4980324308031772,-1.3584619516956196,0.8113964157892063,-0.5833876598120069,0.1,NONE,21.480411516452392,NO_TRADE,GATE_FAIL
20261003T045316Z-4e266a,continuous,table,2026-09-19,V1,dols,2026-09-18 09:00:00+09:00,2026-09-19 09:00:00+09:00,336,0.7666666666666666,True,I1_BOTH,1.4158625792235222,-1.5821275837085036,0.7283742896693354,-0.4480277040251587,0.1,NONE,26.055448067005294,NO_TRADE,GATE_FAIL
20261003T045316Z-4e266a,continuous,table,2026-09-19,V1,struct,2026-09-18 09:00:00+09:00,2026-09-19 09:00:00+09:00,336,0.7666666666666666,True,I1_BOTH,1.0,-1.4708879642027055,0.5478603676480366,-1.0237179666374112,0.1,NONE,47.5065047915282,NO_TRADE,GATE_FAIL
20261003T045316Z-4e266a,continuous,table,2026-09-19,V2,ols,2026-09-17 09:00:00+09:00,2026-09-19 09:00:00+09:00,336,0.8833333333333333,True,I1_BOTH,1.3873833874321129,-1.5179618490166098,0.7542402059458999,-0.43369564100632463,0.1,NONE,28.072690937598807,NO_TRADE,GATE_FAIL
20261003T045316Z-4e266a,continuous,table,2026-09-19,V2,tls,2026-09-17 09:00:00+09:00,2026-09-19 09:00:00+09:00,336,0.8833333333333333,True,I1_BOTH,1.4980324308031772,-1.3584619516956196,0.8113964157892063,-0.5833876598120069,0.1,NONE,21.480411516452392,NO_TRADE,GATE_FAIL
20261003T045316Z-4e266a,continuous,table,2026-09-19,V2,dols,2026-09-17 09:00:00+09:00,2026-09-19 09:00:00+09:00,336,0.8833333333333333,True,I1_BOTH,1.4158625792235222,-1.5821275837085036,0.7283742896693354,-0.4480277040251587,0.1,NONE,26.055448067005294,NO_TRADE,GATE_FAIL
20261003T045316Z-4e266a,continuous,table,2026-09-19,V2,struct,2026-09-17 09:00:00+09:00,2026-09-19 09:00:00+09:00,336,0.8833333333333333,True,I1_BOTH,1.0,-1.4708879642027055,0.5478603676480366,-1.0237179666374112,0.1,NONE,47.5065047915282,NO_TRADE,GATE_FAIL
20261003T045316Z-4e266a,continuous,table,2026-09-20,V1,ols,2026-09-19 08:00:00+09:00,2026-09-20 08:00:00+09:00,527,0.6340277777777779,True,I1_BOTH,0.9206986426902305,-2.126980443656792,0.46227425678931394,-1.7202501347564667,0.1,NONE,6.774845732325945,NO_TRADE,GATE_FAIL
20261003T045316Z-4e266a,continuous,table,2026-09-20,V1,tls,2026-09-19 08:00:00+09:00,2026-09-20 08:00:00+09:00,527,0.6340277777777779,True,I1_BOTH,0.9260288230940237,-2.1559842398105618,0.4471638050375068,-2.155212128844443,0.1,NONE,6.739850059120845,NO_TRADE,GATE_FAIL
20261003T045316Z-4e266a,continuous,table,2026-09-20,V1,dols,2026-09-19 08:00:00+09:00,2026-09-20 08:00:00+09:00,527,0.6340277777777779,True,I1_BOTH,0.9190808663259424,-2.11683431351893,0.4675709446785308,-1.7063682264105262,0.1,NONE,6.793005963796431,NO_TRADE,GATE_FAIL
20261003T045316Z-4e266a,continuous,table,2026-09-20,V1,struct,2026-09-19 08:00:00+09:00,2026-09-20 08:00:00+09:00,527,0.6340277777777779,True,I1_BOTH,1.0,-2.3662990668040282,0.15147499055223523,-1.790988200573286,0.1,NONE,9.724014170165855,NO_TRADE,GATE_FAIL
20261003T045316Z-4e266a,continuous,table,2026-09-20,V2,ols,2026-09-18 08:00:00+09:00,2026-09-20 08:00:00+09:00,863,0.7003472222222222,True,I1_BOTH,1.1944111532899844,-3.5623330541457054,0.027255443531044525,-4.2932299691768705,0.01,BOTH_DEFAULT_LINEAR,21.187698426972,TRADE,
20261003T045316Z-4e266a,continuous,table,2026-09-20,V2,tls,2026-09-18 08:00:00+09:00,2026-09-20 08:00:00+09:00,863,0.7003472222222222,True,I1_BOTH,1.2272744143121435,-3.554851356109055,0.02783295280180244,-4.564454868165209,0.01,BOTH_DEFAULT_LINEAR,21.241737058284592,TRADE,
20261003T045316Z-4e266a,continuous,table,2026-09-20,V2,dols,2026-09-18 08:00:00+09:00,2026-09-20 08:00:00+09:00,863,0.7003472222222222,True,I1_BOTH,1.1943760323881962,-3.5623130180914133,0.027256976280328506,-4.292932061064424,0.01,BOTH_DEFAULT_LINEAR,21.18795613598672,TRADE,
20261003T045316Z-4e266a,continuous,table,2026-09-20,V2,struct,2026-09-18 08:00:00+09:00,2026-09-20 08:00:00+09:00,863,0.7003472222222222,True,I1_BOTH,1.0,-2.9829839521787567,0.03651433193708503,-3.2284095401458424,0.028297487989393286,BOTH_DEFAULT_LINEAR,32.6741472957616,TRADE,
20261003T045316Z-4e266a,continuous,table,2026-09-21,V1,ols,2026-09-20 08:00:00+09:00,2026-09-21 08:00:00+09:00,775,0.4618055555555556,True,I1_BOTH,0.8965535687382196,-3.2178473573997834,0.06699350382092194,-3.9211711678987196,0.01,NONLINEAR,19.634933278661805,TRADE,
20261003T045316Z-4e266a,continuous,table,2026-09-21,V1,tls,2026-09-20 08:00:00+09:00,2026-09-21 08:00:00+09:00,775,0.4618055555555556,True,I1_BOTH,0.9467105950850294,-3.012719181384294,0.10721302971967023,-3.7412081076309573,0.01,NONLINEAR,19.6117348543052,TRADE,
20261003T045316Z-4e266a,continuous,table,2026-09-21,V1,dols,2026-09-20 08:00:00+09:00,2026-09-21 08:00:00+09:00,775,0.4618055555555556,True,I1_BOTH,0.8903713155258254,-3.227470410811258,0.0654527242856653,-3.928249202233791,0.01,NONLINEAR,19.68213627800661,TRADE,
20261003T045316Z-4e266a,continuous,table,2026-09-21,V1,struct,2026-09-20 08:00:00+09:00,2026-09-21 08:00:00+09:00,775,0.4618055555555556,True,I1_BOTH,1.0,-2.9838735317539964,0.036428101766193224,-3.711229979570527,0.01,BOTH_DEFAULT_LINEAR,20.238478865112363,TRADE,
20261003T045316Z-4e266a,continuous,table,2026-09-21,V2,ols,2026-09-19 08:00:00+09:00,2026-09-21 08:00:00+09:00,1302,0.5479166666666666,True,I1_BOTH,0.89533603430957,-1.9468247060004455,0.5560841106300185,-2.0624745995422002,0.1,NONE,39.28517553599912,NO_TRADE,GATE_FAIL
20261003T045316Z-4e266a,continuous,table,2026-09-21,V2,tls,2026-09-19 08:00:00+09:00,2026-09-21 08:00:00+09:00,1302,0.5479166666666666,True,I1_BOTH,0.9489642830514338,-2.048168296267093,0.503466270968443,-2.177199884925269,0.1,NONE,38.242176572974934,NO_TRADE,GATE_FAIL
20261003T045316Z-4e266a,continuous,table,2026-09-21,V2,dols,2026-09-19 08:00:00+09:00,2026-09-21 08:00:00+09:00,1302,0.5479166666666666,True,I1_BOTH,0.8965576780066654,-1.9490411062801394,0.5549439618903369,-2.064903280693012,0.1,NONE,39.245714332698455,NO_TRADE,GATE_FAIL
20261003T045316Z-4e266a,continuous,table,2026-09-21,V2,struct,2026-09-19 08:00:00+09:00,2026-09-21 08:00:00+09:00,1302,0.5479166666666666,True,I1_BOTH,1.0,-2.143318388107928,0.22745639301911708,-2.306762814580626,0.1,NONE,38.44864104944292,NO_TRADE,GATE_FAIL
20261003T045316Z-4e266a,continuous,table,2026-09-22,V1,ols,2026-09-21 08:00:00+09:00,2026-09-22 08:00:00+09:00,17,0.9881944444444445,False,,,,,,,,,NO_TRADE,DATA_BAD
20261003T045316Z-4e266a,continuous,table,2026-09-22,V1,tls,2026-09-21 08:00:00+09:00,2026-09-22 08:00:00+09:00,17,0.9881944444444445,False,,,,,,,,,NO_TRADE,DATA_BAD
20261003T045316Z-4e266a,continuous,table,2026-09-22,V1,dols,2026-09-21 08:00:00+09:00,2026-09-22 08:00:00+09:00,17,0.9881944444444445,False,,,,,,,,,NO_TRADE,DATA_BAD
20261003T045316Z-4e266a,continuous,table,2026-09-22,V1,struct,2026-09-21 08:00:00+09:00,2026-09-22 08:00:00+09:00,17,0.9881944444444445,False,,,,,,,,,NO_TRADE,DATA_BAD
20261003T045316Z-4e266a,continuous,table,2026-09-22,V2,ols,2026-09-20 08:00:00+09:00,2026-09-22 08:00:00+09:00,792,0.725,True,I1_BOTH,0.9865446714989122,-1.810064367491244,0.6248207120550107,-0.16260046084321406,0.1,NONE,28.04562334196645,NO_TRADE,GATE_FAIL
20261003T045316Z-4e266a,continuous,table,2026-09-22,V2,tls,2026-09-20 08:00:00+09:00,2026-09-22 08:00:00+09:00,792,0.725,True,I1_BOTH,1.0223762628071613,-2.182488965794927,0.4334111088802214,-1.7151026443795703,0.1,NONE,25.408181677712676,NO_TRADE,GATE_FAIL
20261003T045316Z-4e266a,continuous,table,2026-09-22,V2,dols,2026-09-20 08:00:00+09:00,2026-09-22 08:00:00+09:00,792,0.725,True,I1_BOTH,0.9606802497311306,-1.5142343727929535,0.7556934105506798,0.7466886077821857,0.1,NONE,30.848304461038424,NO_TRADE,GATE_FAIL
20261003T045316Z-4e266a,continuous,table,2026-09-22,V2,struct,2026-09-20 08:00:00+09:00,2026-09-22 08:00:00+09:00,792,0.725,True,I1_BOTH,1.0,-1.9568081466564347,0.30582621219182626,-0.7358074616080656,0.1,NONE,26.902692385788857,NO_TRADE,GATE_FAIL
20261003T045316Z-4e266a,continuous,table,2026-09-23,V1,ols,2026-09-22 08:00:00+09:00,2026-09-23 08:00:00+09:00,845,0.4131944444444444,True,I1_BOTH,0.9947492443312376,-1.6907052636860322,0.6811367342446687,-2.2263038624705707,0.1,NONE,98.29275276761847,NO_TRADE,GATE_FAIL
20261003T045316Z-4e266a,continuous,table,2026-09-23,V1,tls,2026-09-22 08:00:00+09:00,2026-09-23 08:00:00+09:00,845,0.4131944444444444,True,I1_BOTH,1.0380206422967955,-2.032946326940533,0.5114150815384735,-2.2217075333390324,0.1,NONE,85.66719679243958,NO_TRADE,GATE_FAIL
20261003T045316Z-4e266a,continuous,table,2026-09-23,V1,dols,2026-09-22 08:00:00+09:00,2026-09-23 08:00:00+09:00,845,0.4131944444444444,True,I1_BOTH,1.0028288081367103,-1.7557834251067872,0.6509403781753921,-2.229007215746021,0.1,NONE,95.45022050395241,NO_TRADE,GATE_FAIL
20261003T045316Z-4e266a,continuous,table,2026-09-23,V1,struct,2026-09-22 08:00:00+09:00,2026-09-23 08:00:00+09:00,845,0.4131944444444444,True,I1_BOTH,1.0,-1.7330013271290636,0.4141943925501385,-2.228252951034259,0.1,NONE,96.41745603344344,NO_TRADE,GATE_FAIL
20261003T045316Z-4e266a,continuous,table,2026-09-23,V2,ols,2026-09-21 08:00:00+09:00,2026-09-23 08:00:00+09:00,862,0.7006944444444445,True,I1_BOTH,0.9868262816502145,-1.8452817390261753,0.6074779742104832,-2.6132369703999205,0.1,NONE,43.272974456878835,NO_TRADE,GATE_FAIL
20261003T045316Z-4e266a,continuous,table,2026-09-23,V2,tls,2026-09-21 08:00:00+09:00,2026-09-23 08:00:00+09:00,862,0.7006944444444445,True,I1_BOTH,1.03379722455163,-2.1051405235177456,0.4736803130599519,-2.293293667216822,0.1,NONE,37.689577242793554,NO_TRADE,GATE_FAIL
20261003T045316Z-4e266a,continuous,table,2026-09-23,V2,dols,2026-09-21 08:00:00+09:00,2026-09-23 08:00:00+09:00,862,0.7006944444444445,True,I1_BOTH,0.9931599144616479,-1.8826492883520218,0.5887803597767283,-2.5784543173284864,0.1,NONE,42.3316989230257,NO_TRADE,GATE_FAIL
20261003T045316Z-4e266a,continuous,table,2026-09-23,V2,struct,2026-09-21 08:00:00+09:00,2026-09-23 08:00:00+09:00,862,0.7006944444444445,True,I1_BOTH,1.0,-1.9223239630602493,0.32163318048180844,-2.536641789798869,0.1,NONE,41.38744806477665,NO_TRADE,GATE_FAIL
20261003T045316Z-4e266a,continuous,table,2026-09-24,V1,ols,2026-09-23 08:00:00+09:00,2026-09-24 08:00:00+09:00,213,0.8520833333333333,False,,,,,,,,,NO_TRADE,DATA_BAD
20261003T045316Z-4e266a,continuous,table,2026-09-24,V1,tls,2026-09-23 08:00:00+09:00,2026-09-24 08:00:00+09:00,213,0.8520833333333333,False,,,,,,,,,NO_TRADE,DATA_BAD
20261003T045316Z-4e266a,continuous,table,2026-09-24,V1,dols,2026-09-23 08:00:00+09:00,2026-09-24 08:00:00+09:00,213,0.8520833333333333,False,,,,,,,,,NO_TRADE,DATA_BAD
20261003T045316Z-4e266a,continuous,table,2026-09-24,V1,struct,2026-09-23 08:00:00+09:00,2026-09-24 08:00:00+09:00,213,0.8520833333333333,False,,,,,,,,,NO_TRADE,DATA_BAD
20261003T045316Z-4e266a,continuous,table,2026-09-24,V2,ols,2026-09-22 08:00:00+09:00,2026-09-24 08:00:00+09:00,1058,0.6326388888888889,True,I1_BOTH,0.9703548121996136,-1.3317064039836968,0.8199632104358308,-1.1955130898070394,0.1,NONE,213.8086855222695,NO_TRADE,GATE_FAIL
20261003T045316Z-4e266a,continuous,table,2026-09-24,V2,tls,2026-09-22 08:00:00+09:00,2026-09-24 08:00:00+09:00,1058,0.6326388888888889,True,I1_BOTH,1.0992625703789367,-1.8190407134285502,0.6204280530030382,-1.2126275566327958,0.1,NONE,143.22684618848453,NO_TRADE,GATE_FAIL
20261003T045316Z-4e266a,continuous,table,2026-09-24,V2,dols,2026-09-22 08:00:00+09:00,2026-09-24 08:00:00+09:00,1058,0.6326388888888889,True,I1_BOTH,0.9793590102935322,-1.3663232349807428,0.8088234208977916,-1.186893938016188,0.1,NONE,206.82893020215766,NO_TRADE,GATE_FAIL
20261003T045316Z-4e266a,continuous,table,2026-09-24,V2,struct,2026-09-22 08:00:00+09:00,2026-09-24 08:00:00+09:00,1058,0.6326388888888889,True,I1_BOTH,1.0,-1.4461651348097946,0.5599549814207391,-1.1734953458523127,0.1,NONE,192.1961468754952,NO_TRADE,GATE_FAIL
20261003T045316Z-4e266a,continuous,table,2026-09-25,V1,ols,2026-09-24 08:00:00+09:00,2026-09-25 08:00:00+09:00,0,1.0,False,,,,,,,,,NO_TRADE,DATA_BAD
20261003T045316Z-4e266a,continuous,table,2026-09-25,V1,tls,2026-09-24 08:00:00+09:00,2026-09-25 08:00:00+09:00,0,1.0,False,,,,,,,,,NO_TRADE,DATA_BAD
20261003T045316Z-4e266a,continuous,table,2026-09-25,V1,dols,2026-09-24 08:00:00+09:00,2026-09-25 08:00:00+09:00,0,1.0,False,,,,,,,,,NO_TRADE,DATA_BAD
20261003T045316Z-4e266a,continuous,table,2026-09-25,V1,struct,2026-09-24 08:00:00+09:00,2026-09-25 08:00:00+09:00,0,1.0,False,,,,,,,,,NO_TRADE,DATA_BAD
20261003T045316Z-4e266a,continuous,table,2026-09-25,V2,ols,2026-09-23 08:00:00+09:00,2026-09-25 08:00:00+09:00,213,0.9260416666666667,False,,,,,,,,,NO_TRADE,DATA_BAD
20261003T045316Z-4e266a,continuous,table,2026-09-25,V2,tls,2026-09-23 08:00:00+09:00,2026-09-25 08:00:00+09:00,213,0.9260416666666667,False,,,,,,,,,NO_TRADE,DATA_BAD
20261003T045316Z-4e266a,continuous,table,2026-09-25,V2,dols,2026-09-23 08:00:00+09:00,2026-09-25 08:00:00+09:00,213,0.9260416666666667,False,,,,,,,,,NO_TRADE,DATA_BAD
20261003T045316Z-4e266a,continuous,table,2026-09-25,V2,struct,2026-09-23 08:00:00+09:00,2026-09-25 08:00:00+09:00,213,0.9260416666666667,False,,,,,,,,,NO_TRADE,DATA_BAD
20261003T045316Z-4e266a,continuous,table,2026-09-26,V1,ols,2026-09-25 09:00:00+09:00,2026-09-26 09:00:00+09:00,1119,0.22291666666666665,True,I1_BOTH,1.22422064240648,-1.6947697668553883,0.6792896009597202,-3.208887910369014,0.029717242882253518,NONLINEAR,88.74824534611292,TRADE,
20261003T045316Z-4e266a,continuous,table,2026-09-26,V1,tls,2026-09-25 09:00:00+09:00,2026-09-26 09:00:00+09:00,1119,0.22291666666666665,True,I1_BOTH,1.3729134281244042,-1.7483203674262604,0.654468146663428,-2.907093249949463,0.054241990750099466,NONE,68.9358679785823,NO_TRADE,GATE_FAIL
20261003T045316Z-4e266a,continuous,table,2026-09-26,V1,dols,2026-09-25 09:00:00+09:00,2026-09-26 09:00:00+09:00,1119,0.22291666666666665,True,I1_BOTH,1.2283628344148725,-1.6945404260556933,0.6793939689714055,-3.2005817160921257,0.030321329738754496,NONLINEAR,88.0474215248127,TRADE,
20261003T045316Z-4e266a,continuous,table,2026-09-26,V1,struct,2026-09-25 09:00:00+09:00,2026-09-26 09:00:00+09:00,1119,0.22291666666666665,True,I1_BOTH,1.0,-1.8319925001621793,0.3646979216665142,-3.696747860355532,0.01,NONLINEAR,130.47852344743538,NO_TRADE,HALFLIFE_FILTER
20261003T045316Z-4e266a,continuous,table,2026-09-26,V2,ols,2026-09-24 09:00:00+09:00,2026-09-26 09:00:00+09:00,1119,0.6114583333333333,True,I1_BOTH,1.22422064240648,-1.6947697668553883,0.6792896009597202,-3.208887910369014,0.029717242882253518,NONLINEAR,88.74824534611292,TRADE,
20261003T045316Z-4e266a,continuous,table,2026-09-26,V2,tls,2026-09-24 09:00:00+09:00,2026-09-26 09:00:00+09:00,1119,0.6114583333333333,True,I1_BOTH,1.3729134281244042,-1.7483203674262604,0.654468146663428,-2.907093249949463,0.054241990750099466,NONE,68.9358679785823,NO_TRADE,GATE_FAIL
20261003T045316Z-4e266a,continuous,table,2026-09-26,V2,dols,2026-09-24 09:00:00+09:00,2026-09-26 09:00:00+09:00,1119,0.6114583333333333,True,I1_BOTH,1.2283628344148725,-1.6945404260556933,0.6793939689714055,-3.2005817160921257,0.030321329738754496,NONLINEAR,88.0474215248127,TRADE,
20261003T045316Z-4e266a,continuous,table,2026-09-26,V2,struct,2026-09-24 09:00:00+09:00,2026-09-26 09:00:00+09:00,1119,0.6114583333333333,True,I1_BOTH,1.0,-1.8319925001621793,0.3646979216665142,-3.696747860355532,0.01,NONLINEAR,130.47852344743538,NO_TRADE,HALFLIFE_FILTER
20261003T045316Z-4e266a,continuous,table,2026-09-27,V1,ols,2026-09-26 08:00:00+09:00,2026-09-27 08:00:00+09:00,1433,0.004861111111111094,True,I1_BOTH,0.8499669866245111,-1.880088233063886,0.59007070133596,-1.472993863717912,0.1,NONE,57.725533693795605,NO_TRADE,GATE_FAIL
20261003T045316Z-4e266a,continuous,table,2026-09-27,V1,tls,2026-09-26 08:00:00+09:00,2026-09-27 08:00:00+09:00,1433,0.004861111111111094,True,I1_BOTH,0.9096063158522198,-1.736642837731058,0.6599554415521008,-1.025736601497418,0.1,NONE,59.55283990113891,NO_TRADE,GATE_FAIL
20261003T045316Z-4e266a,continuous,table,2026-09-27,V1,dols,2026-09-26 08:00:00+09:00,2026-09-27 08:00:00+09:00,1433,0.004861111111111094,True,I1_BOTH,0.8557600751923202,-1.8675130287323654,0.5963881604492403,-1.4226221532228907,0.1,NONE,57.77721838898817,NO_TRADE,GATE_FAIL
20261003T045316Z-4e266a,continuous,table,2026-09-27,V1,struct,2026-09-26 08:00:00+09:00,2026-09-27 08:00:00+09:00,1433,0.004861111111111094,True,I1_BOTH,1.0,-1.493378871836034,0.5367841365764304,-0.6623423547075764,0.1,NONE,67.59098766618942,NO_TRADE,GATE_FAIL
20261003T045316Z-4e266a,continuous,table,2026-09-27,V2,ols,2026-09-25 08:00:00+09:00,2026-09-27 08:00:00+09:00,2492,0.1347222222222222,True,I1_BOTH,1.1520645421381097,-2.3378656852772335,0.3548181099207438,-4.359447398647459,0.01,NONLINEAR,101.0924330752777,TRADE,
20261003T045316Z-4e266a,continuous,table,2026-09-27,V2,tls,2026-09-25 08:00:00+09:00,2026-09-27 08:00:00+09:00,2492,0.1347222222222222,True,I1_BOTH,1.2524851524932112,-2.3264969096118193,0.36040825347230354,-4.015427932727104,0.01,NONLINEAR,90.2290410135863,TRADE,
20261003T045316Z-4e266a,continuous,table,2026-09-27,V2,dols,2026-09-25 08:00:00+09:00,2026-09-27 08:00:00+09:00,2492,0.1347222222222222,True,I1_BOTH,1.1555759326350217,-2.3354276262234683,0.3560143091240847,-4.346428732922542,0.01,NONLINEAR,100.64806768024644,TRADE,
20261003T045316Z-4e266a,continuous,table,2026-09-27,V2,struct,2026-09-25 08:00:00+09:00,2026-09-27 08:00:00+09:00,2492,0.1347222222222222,True,I1_BOTH,1.0,-2.328906084995741,0.16281456902118963,-4.30927345610172,0.01,NONLINEAR,121.84488508503445,NO_TRADE,HALFLIFE_FILTER
20261003T045316Z-4e266a,continuous,table,2026-09-28,V1,ols,2026-09-27 08:00:00+09:00,2026-09-28 08:00:00+09:00,658,0.5430555555555556,True,I1_BOTH,1.5108172963126212,-1.6855819197988309,0.6834573718936833,-1.5934189948055675,0.1,NONE,36.65338637210404,NO_TRADE,GATE_FAIL
20261003T045316Z-4e266a,continuous,table,2026-09-28,V1,tls,2026-09-27 08:00:00+09:00,2026-09-28 08:00:00+09:00,658,0.5430555555555556,True,I1_BOTH,2.0554242374075615,-3.4878683114373112,0.03348609589263471,-6.655629199293623,0.01,BOTH_DEFAULT_LINEAR,18.488448609862903,TRADE,
20261003T045316Z-4e266a,continuous,table,2026-09-28,V1,dols,2026-09-27 08:00:00+09:00,2026-09-28 08:00:00+09:00,658,0.5430555555555556,True,I1_BOTH,1.531749762998041,-1.7517115340378393,0.6528671444213795,-1.7351842955251462,0.1,NONE,35.05874571178175,NO_TRADE,GATE_FAIL
20261003T045316Z-4e266a,continuous,table,2026-09-28,V1,struct,2026-09-27 08:00:00+09:00,2026-09-28 08:00:00+09:00,658,0.5430555555555556,True,I1_BOTH,1.0,0.03449756551564759,0.9612937131905169,0.1298241392520731,0.1,NONE,235.54001561554972,NO_TRADE,GATE_FAIL
20261003T045316Z-4e266a,continuous,table,2026-09-28,V2,ols,2026-09-26 08:00:00+09:00,2026-09-28 08:00:00+09:00,2091,0.2739583333333333,True,I1_BOTH,0.7385239993641347,-1.132886823098089,0.8746101682612774,-0.8631062815741365,0.1,NONE,149.07195732602213,NO_TRADE,GATE_FAIL
20261003T045316Z-4e266a,continuous,table,2026-09-28,V2,tls,2026-09-26 08:00:00+09:00,2026-09-28 08:00:00+09:00,2091,0.2739583333333333,True,I1_BOTH,0.7916118024836781,-1.3140530591584594,0.8254549101788804,-1.3537116890331145,0.1,NONE,137.1415762354618,NO_TRADE,GATE_FAIL
20261003T045316Z-4e266a,continuous,table,2026-09-28,V2,dols,2026-09-26 08:00:00+09:00,2026-09-28 08:00:00+09:00,2091,0.2739583333333333,True,I1_BOTH,0.7361020546863709,-1.1241426989776655,0.876662105855391,-0.8427123304991739,0.1,NONE,149.8233301436228,NO_TRADE,GATE_FAIL
20261003T045316Z-4e266a,continuous,table,2026-09-28,V2,struct,2026-09-26 08:00:00+09:00,2026-09-28 08:00:00+09:00,2091,0.2739583333333333,True,I1_BOTH,1.0,-1.6724095179865743,0.44538103511510435,-1.9267414699410275,0.1,NONE,143.88823978015148,NO_TRADE,GATE_FAIL
20261003T045316Z-4e266a,continuous,table,2026-09-29,V1,ols,2026-09-28 08:00:00+09:00,2026-09-29 08:00:00+09:00,0,1.0,False,,,,,,,,,NO_TRADE,DATA_BAD
20261003T045316Z-4e266a,continuous,table,2026-09-29,V1,tls,2026-09-28 08:00:00+09:00,2026-09-29 08:00:00+09:00,0,1.0,False,,,,,,,,,NO_TRADE,DATA_BAD
20261003T045316Z-4e266a,continuous,table,2026-09-29,V1,dols,2026-09-28 08:00:00+09:00,2026-09-29 08:00:00+09:00,0,1.0,False,,,,,,,,,NO_TRADE,DATA_BAD
20261003T045316Z-4e266a,continuous,table,2026-09-29,V1,struct,2026-09-28 08:00:00+09:00,2026-09-29 08:00:00+09:00,0,1.0,False,,,,,,,,,NO_TRADE,DATA_BAD
20261003T045316Z-4e266a,continuous,table,2026-09-29,V2,ols,2026-09-27 08:00:00+09:00,2026-09-29 08:00:00+09:00,658,0.7715277777777778,True,I1_BOTH,1.5108172963126212,-1.6855819197988309,0.6834573718936833,-1.5934189948055675,0.1,NONE,36.65338637210404,NO_TRADE,GATE_FAIL
20261003T045316Z-4e266a,continuous,table,2026-09-29,V2,tls,2026-09-27 08:00:00+09:00,2026-09-29 08:00:00+09:00,658,0.7715277777777778,True,I1_BOTH,2.0554242374075615,-3.4878683114373112,0.03348609589263471,-6.655629199293623,0.01,BOTH_DEFAULT_LINEAR,18.488448609862903,TRADE,
20261003T045316Z-4e266a,continuous,table,2026-09-29,V2,dols,2026-09-27 08:00:00+09:00,2026-09-29 08:00:00+09:00,658,0.7715277777777778,True,I1_BOTH,1.531749762998041,-1.7517115340378393,0.6528671444213795,-1.7351842955251462,0.1,NONE,35.05874571178175,NO_TRADE,GATE_FAIL
20261003T045316Z-4e266a,continuous,table,2026-09-29,V2,struct,2026-09-27 08:00:00+09:00,2026-09-29 08:00:00+09:00,658,0.7715277777777778,True,I1_BOTH,1.0,0.03449756551564759,0.9612937131905169,0.1298241392520731,0.1,NONE,235.54001561554972,NO_TRADE,GATE_FAIL
20261003T045316Z-4e266a,continuous,table,2026-09-30,V1,ols,2026-09-29 08:00:00+09:00,2026-09-30 08:00:00+09:00,994,0.30972222222222223,True,I1_BOTH,1.2053048623276925,-2.1296805201110467,0.4608654941107789,-2.7191563052387555,0.08904512865948974,NONE,52.222424237249164,NO_TRADE,GATE_FAIL
20261003T045316Z-4e266a,continuous,table,2026-09-30,V1,tls,2026-09-29 08:00:00+09:00,2026-09-30 08:00:00+09:00,994,0.30972222222222223,True,I1_BOTH,1.2604900374724304,-2.318514238275215,0.3643516358528871,-3.1036836041587246,0.037368465152092765,NONLINEAR,48.17222401275438,TRADE,
20261003T045316Z-4e266a,continuous,table,2026-09-30,V1,dols,2026-09-29 08:00:00+09:00,2026-09-30 08:00:00+09:00,994,0.30972222222222223,True,I1_BOTH,1.2062056037115225,-2.132985111566125,0.4591418291836845,-2.7252202561334977,0.08792217479009304,NONE,52.13705035912068,NO_TRADE,GATE_FAIL
20261003T045316Z-4e266a,continuous,table,2026-09-30,V1,struct,2026-09-29 08:00:00+09:00,2026-09-30 08:00:00+09:00,994,0.30972222222222223,True,I1_BOTH,1.0,-1.5028110684912612,0.5321202880026118,-2.0981408890258786,0.1,NONE,88.78894800521154,NO_TRADE,GATE_FAIL
20261003T045316Z-4e266a,continuous,table,2026-09-30,V2,ols,2026-09-28 08:00:00+09:00,2026-09-30 08:00:00+09:00,994,0.6548611111111111,True,I1_BOTH,1.2053048623276925,-2.1296805201110467,0.4608654941107789,-2.7191563052387555,0.08904512865948974,NONE,52.222424237249164,NO_TRADE,GATE_FAIL
20261003T045316Z-4e266a,continuous,table,2026-09-30,V2,tls,2026-09-28 08:00:00+09:00,2026-09-30 08:00:00+09:00,994,0.6548611111111111,True,I1_BOTH,1.2604900374724304,-2.318514238275215,0.3643516358528871,-3.1036836041587246,0.037368465152092765,NONLINEAR,48.17222401275438,TRADE,
20261003T045316Z-4e266a,continuous,table,2026-09-30,V2,dols,2026-09-28 08:00:00+09:00,2026-09-30 08:00:00+09:00,994,0.6548611111111111,True,I1_BOTH,1.2062056037115225,-2.132985111566125,0.4591418291836845,-2.7252202561334977,0.08792217479009304,NONE,52.13705035912068,NO_TRADE,GATE_FAIL
20261003T045316Z-4e266a,continuous,table,2026-09-30,V2,struct,2026-09-28 08:00:00+09:00,2026-09-30 08:00:00+09:00,994,0.6548611111111111,True,I1_BOTH,1.0,-1.5028110684912612,0.5321202880026118,-2.0981408890258786,0.1,NONE,88.78894800521154,NO_TRADE,GATE_FAIL
20261003T045316Z-4e266a,continuous,table,2026-10-01,V1,ols,2026-09-30 08:00:00+09:00,2026-10-01 08:00:00+09:00,1346,0.06527777777777777,True,I1_BOTH,0.8506924025449243,-2.9999166102540684,0.11022531793212664,-2.765202946576163,0.0805179728562661,NONE,17.90918946048251,NO_TRADE,GATE_FAIL
20261003T045316Z-4e266a,continuous,table,2026-10-01,V1,tls,2026-09-30 08:00:00+09:00,2026-10-01 08:00:00+09:00,1346,0.06527777777777777,True,I1_BOTH,0.8771361281595733,-2.9990619286712046,0.11042864169178124,-2.4903904832847084,0.1,NONE,18.2778635131281,NO_TRADE,GATE_FAIL
20261003T045316Z-4e266a,continuous,table,2026-10-01,V1,dols,2026-09-30 08:00:00+09:00,2026-10-01 08:00:00+09:00,1346,0.06527777777777777,True,I1_BOTH,0.8551951393019326,-2.9999873606934,0.1102084993474573,-2.7175710067884578,0.08933870244658193,NONE,17.953836269796778,NO_TRADE,GATE_FAIL
20261003T045316Z-4e266a,continuous,table,2026-10-01,V1,struct,2026-09-30 08:00:00+09:00,2026-10-01 08:00:00+09:00,1346,0.06527777777777777,True,I1_BOTH,1.0,-3.180548428250117,0.021138584019197586,-2.094950387956954,0.1,LINEAR,22.663839574756164,TRADE,
20261003T045316Z-4e266a,continuous,table,2026-10-01,V2,ols,2026-09-29 08:00:00+09:00,2026-10-01 08:00:00+09:00,2340,0.1875,True,I1_BOTH,1.006154345995824,-2.6931081867157567,0.20206715354479787,-2.180975438145369,0.1,NONE,59.09229182895074,NO_TRADE,GATE_FAIL
20261003T045316Z-4e266a,continuous,table,2026-10-01,V2,tls,2026-09-29 08:00:00+09:00,2026-10-01 08:00:00+09:00,2340,0.1875,True,I1_BOTH,1.0820327968170897,-3.17350648825305,0.07447126804789954,-2.9339076043331223,0.04971581059395476,NONLINEAR,55.613786007909,TRADE,
20261003T045316Z-4e266a,continuous,table,2026-10-01,V2,dols,2026-09-29 08:00:00+09:00,2026-10-01 08:00:00+09:00,2340,0.1875,True,I1_BOTH,1.004495664291707,-2.6891065558278373,0.2035210311042599,-2.174178747130808,0.1,NONE,59.178815522911044,NO_TRADE,GATE_FAIL
20261003T045316Z-4e266a,continuous,table,2026-10-01,V2,struct,2026-09-29 08:00:00+09:00,2026-10-01 08:00:00+09:00,2340,0.1875,True,I1_BOTH,1.0,-2.6784125292469527,0.07784891708361823,-2.156787396146694,0.1,NONE,59.4150566277311,NO_TRADE,GATE_FAIL
